schoolName,overallRecord,winPercent,conferenceRecord,conference,state,city,headCoach,coachPhone,nickname,rpiRanking,rosterDistribution,goalsFor,goalsAgainst,description,schoolUrl,schoolSize,undergradPopulation,inStateTuition,outOfStateTuition,address,facultyRatio,acceptanceLevel,acceptanceRate
Albany (Men's),4-8-6,0.33,2-4-1,America East,New York,Albany,Trevor Gorman,518-442-2652,Great Danes,Conference Standing: 6,"JR,SR,FR,SO,SR,SO,SR,SO,JR,JR,FR,SO,SO,SR,FR,JR,FR,JR,FR,JR,SO,SO,JR,JR,FR,SO",20,22,"A medium-sized, 4-year, public university. This coed college is located in a small city in a suburban setting and is primarily a residential campus. It offers bachelor's, master's and doctoral degrees.",http://albany.edu,Medium-sized,"12,929","$8,527","$20,167","1400 Washington Avenue, Albany, NY 12222",18:1,Somewhat selective,56
Binghamton (Men's),5-14-0,0.26,3-4-0,America East,New York,Binghamton,Paul Marco,607-341-3674,Bearcats,Conference Standing: 4,"SR,SR,SR,SR,SR,SR,SR,SR,SR,JR,JR,SR,SR,SR,SR,SR,SR,SR,SR,SR,JR,JR,JR,JR",15,21,"A medium-sized, 4-year, public university. This coed college is located in a small city in a suburban setting and is primarily a residential campus. It offers bachelor's, master's and doctoral degrees.",www.binghamton.edu,Medium-sized,"13,412","$8,720","$20,360","4400 Vestal Parkway East, Vestal, NY 13850",20:1,Very selective,44
Hartford (Men's),11-6-2,0.65,5-2-0,America East,Connecticut,Hartford,Tom Poitras,860-768-4470,Hawks,Conference Standing: 2,"SO,SO,JR,JR,SR,JR,SR,SO,SO,JR,JR,FR,SR,FR,JR,SR,FR,SR,FR,FR,SO,SO,FR,JR,SO,SO",23,19,"A medium-sized, 4-year, private university. This coed college is located in a small city in a suburban setting and is primarily a residential campus. It offers certificate, associate, bachelor's, master's and doctoral degrees.",www.hartford.edu,Medium-sized,"5,180","$36,460","$36,460","200 Bloomfield Avenue, West Hartford, CT 06117",10:1,Somewhat selective,72
Massachusetts-Lowell (Men's),8-9-1,0.47,4-2-1,America East,Massachusetts,Lowell,Christian Figueroa,978-934-2317,River Hawks,Conference Standing: 3,"FR,SR,SR,JR,SR,SR,SR,SR,SR,SR,SR,SO,SO,SR,SO,JR,SR,SR,SO,JR,SO,SR,SR,SR,JR,SO,JR,SR,SO,SO,SR,JR",18,23,"A medium-sized, 4-year, public university. This coed college is located in a small city in an urban setting and is primarily a residential campus. It offers certificate, associate, bachelor's, master's and doctoral degrees.",www.uml.edu,Medium-sized,"12,986","$12,447","$19,560","One University Avenue, Lowell, MA 01854",18:1,Somewhat selective,62
New Hampshire (Men's),6-10-1,0.38,2-5-0,America East,New Hampshire,Durham,Rob Thompson,603-674-2521,Wildcats,Conference Standing: 7,"SR,SO,SR,SO,JR,SR,JR,SR,JR,SO,JR,SO,SO,SO,FR,JR,FR,SO,JR,SR,SO,FR,SR,SO,SR,FR,SO,FR,SR",11,18,"A medium-sized, 4-year, public university. This coed college is located in a small town in a rural setting and is primarily a residential campus. It offers associate, bachelor's, master's and doctoral degrees.",www.unh.edu,Medium-sized,"12,840","$16,552","$29,532","105 Main Street, Durham, NH 03824",19:1,Less selective,80
Stony Brook (Men's),4-13-1,0.24,2-5-0,America East,New York,Stony Brook,Ryan Anatol,813-956-0432,Seawolves,Conference Standing: 8,"SO,SO,SO,FR,SO,FR,JR,SO,SR,JR,FR,FR,FR,JR,FR,SO,FR,FR,FR,FR,SO,JR,FR,FR,FR,FR,FR",16,33,"A large, 4-year, public university. This coed college is located in a large town in a suburban setting and is primarily a residential campus. It offers bachelor's, master's and doctoral degrees.",www.stonybrook.edu,Large,"16,480","$8,430","$21,850","100 Nicolls Road, Stony Brook, NY 11794",17:1,Very selective,41
UMBC (Men's),14-6-5,0.70,6-0-1,America East,Maryland,Baltimore,Pete Caringi,410-292-5927,Retrievers,Conference Standing: 1,"SO,FR,JR,JR,SR,FR,SR,SO,JR,JR,JR,SR,JR,JR,SO,SR,SR,SR,SR,SR,SO,SO,SR,JR,FR,JR,SR",37,22,"A medium-sized, 4-year, public university. This coed college is located in a large city in a suburban setting and is primarily a residential campus. It offers bachelor's, master's and doctoral degrees.",www.umbc.edu,Medium-sized,"11,379","$10,384","$22,682","1000 Hilltop Circle, Baltimore, MD 21250",20:1,Somewhat selective,60
Vermont (Men's),7-9-2,0.44,2-4-1,America East,Vermont,Burlington,Jesse Cormier,802-656-7868,Catamounts,Conference Standing: 5,"SR,SR,SR,SR,SR,SR,JR,SR,SO,SR,SR,SR,SR,SR,SR,SR,SR,SR,JR,SR,JR,JR,SR,JR,JR,JR,JR,SR",20,26,"A medium-sized, 4-year, public university. This coed college is located in a large town in a suburban setting and is primarily a residential campus. It offers bachelor's, master's and doctoral degrees.",www.uvm.edu,Medium-sized,"10,992","$16,196","$37,844","South Prospect Street, Burlington, VT 05405",17:1,Somewhat selective,73
Cincinnati (Men's),5-10-3,0.33,2-5-1,American Athletic,Ohio,Cincinnati,Hylton Dayes,513-295-9146,Bearcats,Conference Standing: 5,"SR,SO,JR,SR,FR,FR,SR,JR,SR,JR,SR,SR,JR,JR,FR,FR,SO,JR,JR,SO,FR,SO,SO,SO,FR,JR,FR,SO,JR",25,31,"A medium-sized, 2-year, public community college and technical college. This coed college is located in a large city in an urban setting and is primarily a commuter campus. It offers certificate and associate degrees.",www.cincinnatistate.edu,Medium-sized,"10,707","$4,717","$9,176","3520 Central Parkway, Cincinnati, OH 45223",15:1,Open admission,
Connecticut (Men's),10-6-3,0.63,7-1-1,American Athletic,Connecticut,Storrs,Ray Reid,860-486-4231,Huskies,Conference Standing: 1,"FR,JR,SR,FR,SR,SR,FR,SO,SR,SO,SO,SR,FR,FR,JR,SO,SO,JR,JR,FR,FR,JR,FR,FR,FR,FR,JR,FR,JR,FR,JR,FR,SO",28,20,"A small, 4-year, private liberal arts college. This coed college is located in a large town in a suburban setting and is primarily a residential campus. It offers bachelor's and master's degrees.",www.connecticutcollege.edu,Small,"1,893","$49,350","$49,350","270 Mohegan Avenue, New London, CT 06320",9:1,Very selective,38
Memphis (Men's),9-7-2,0.56,2-4-0,American Athletic,Tennessee,Memphis,Richard Mulrooney,901-678-4141,Tigers,Conference Standing: 6,"JR,FR,FR,FR,SO,FR,JR,SR,SR,SO,SR,FR,SO,JR,JR,FR,FR,JR,FR,FR,SO,FR,SR",28,23,"A large, 4-year, public university. This coed college is located in a very large city in an urban setting and is primarily a commuter campus. It offers bachelor's, master's and doctoral degrees.",www.memphis.edu,Large,"17,068","$8,973","$20,685","Wilder Tower, Memphis, TN 38152",16:1,Very selective,30
SMU (Men's),10-6-2,0.63,5-1-1,American Athletic,Texas,Dallas,Kevin Hudson,214-768-4601,Mustangs,Conference Standing: 2,"SO,SO,SR,SO,JR,SO,SO,FR,SO,SR,FR,JR,SO,SO,FR,SR,SO,FR,SR,JR,SO,JR,SR,SO,FR,SO,FR,JR,FR,FR",35,18,"A medium-sized, 4-year, private university. This coed college is located in a very large city in a suburban setting and is primarily a residential campus. It offers bachelor's, master's and doctoral degrees.",www.smu.edu,Medium-sized,"6,391","$48,190","$48,190","6425 Boaz Lane, Dallas, TX 75205",11:1,Somewhat selective,52
South Florida (Men's),10-7-3,0.59,4-3-1,American Athletic,Florida,Tampa,George Kiefer,813-974-4149,Bulls,Conference Standing: 4,"JR,SO,JR,FR,SR,SO,SR,SO,SR,SR,SR,SO,FR,SR,SO,FR,SR,JR,JR,SR,SR,FR,JR,SO,SO,SO,FR",32,22,"A small, 4-year, public university. This coed college is located in a small city in an urban setting and is primarily a commuter campus. It offers associate, bachelor's and master's degrees.",www.usfsm.edu,Small,"1,770","$5,587","$16,659","8350 North Tamiami Trail, Sarasota, FL 34243",13:1,Very selective,34
Temple (Men's),2-14-2,0.13,1-7-1,American Athletic,Pennsylvania,Philadelphia,David MacWilliams,215-520-3950,Owls,Conference Standing: 8,"FR,SR,SR,SR,JR,SO,SO,JR,FR,FR,SR,SO,FR,FR,FR,FR,FR,FR,SR,SO,FR,SR,FR,FR,JR,FR,FR,SO,FR,JR,FR",13,37,"A large, 4-year, public university. This coed college is located in a very large city in an urban setting and is primarily a commuter campus. It offers certificate, diploma, associate, bachelor's, master's and doctoral degrees.",www.temple.edu,Large,"28,408","$15,096","$25,122","1801 North Broad Street, Philadelphia, PA 19122",14:1,Somewhat selective,62
Tulsa (Men's),11-6-3,0.65,4-2-1,American Athletic,Oklahoma,Tulsa,Tom McIntosh,918-605-6584,Golden Hurricane,Conference Standing: 3,"SO,SO,FR,SR,FR,FR,SR,SR,FR,SR,SO,SO,SR,FR,FR,FR,FR,FR,FR,SR,JR,FR,FR,SO,FR,SO,JR,FR",29,24,"A medium-sized, 4-year, private university. This coed college is located in a large city in an urban setting and is primarily a residential campus. It offers bachelor's, master's and doctoral degrees.",www.utulsa.edu,Medium-sized,"3,473","$39,036","$39,036","800 South Tucker Drive, Tulsa, OK 74104",11:1,Very selective,40
UCF (Men's),2-10-6,0.17,1-3-2,American Athletic,Florida,Orlando,Bryan Cunningham,407-823-2262,Knights,Conference Standing: 7,"SR,SR,SO,SR,SO,SO,JR,JR,FR,FR,FR,FR,JR,SO,SR,SO,FR,SO,FR,FR,SO,SO,SO,SO",15,27,"A large, 4-year, public university. This coed college is located in a very large city in a suburban setting and is primarily a residential campus. It offers certificate, associate, bachelor's, master's and doctoral degrees.",www.ucf.edu,Large,"52,532","$6,368","$22,466","4365 Andromeda Loop N, Orlando, FL 32816",31:1,Very selective,50
Davidson (Men's),10-2-6,0.83,4-2-2,Atlantic 10,North Carolina,Davidson,Matt Spear,704-995-3924,Wildcat,Conference Standing: 5,"SR,SR,SR,FR,SR,SR,SR,SR,SR,SR,SR,SR,SR,SR,SR,JR,SR,SR,JR,SR,JR,SR,SR,JR,JR,JR",28,14,"A small, 4-year, private liberal arts college. This coed college is located in a small town in a suburban setting and is primarily a residential campus. It offers bachelor's degrees.",www.davidson.edu,Small,"1,770","$46,966","$46,966","209 Ridge Road, Davidson, NC 28035",10:1,Most selective,22
Dayton (Men's),7-7-5,0.50,3-3-2,Atlantic 10,Ohio,Dayton,Dennis Currier,937-229-2492,Flyers,Conference Standing: 7,"JR,SR,FR,SO,SO,JR,SR,SO,SO,JR,SO,FR,JR,JR,SR,FR,FR,FR,SO,JR,FR,JR,FR,FR,FR,FR,SR,FR,FR,FR,FR",31,18,"A medium-sized, 4-year, private university. This coed college is located in a small city in a suburban setting and is primarily a residential campus. It offers bachelor's, master's and doctoral degrees.",www.udayton.edu,Medium-sized,"8,529","$39,090","$39,090","300 College Park, Dayton, OH 45469",15:1,Somewhat selective,59
Duquesne (Men's),8-7-3,0.53,3-4-1,Atlantic 10,Pennsylvania,Pittsburgh,Chase Brooks,412-396-5242,Dukes,Conference Standing: 9,"SR,SO,SR,JR,JR,SO,SR,SR,SR,JR,SR,SR,JR,SR,SR,JR,JR,SO,SR,SR,SR,SO,SO,SO,SR,SO,JR,JR,JR",32,20,"A medium-sized, 4-year, private university. This coed college is located in a large city in an urban setting and is primarily a residential campus. It offers bachelor's, master's and doctoral degrees.",www.duq.edu,Medium-sized,"5,995","$33,778","$33,778","600 Forbes Avenue, Pittsburgh, PA 15282",14:1,Somewhat selective,73
Fordham (Men's),8-9-4,0.47,3-3-2,Atlantic 10,New York,Bronx,Jim McElderry,718-817-4269,Rams,Conference Standing: 6,"SR,SR,SR,SO,JR,SR,SR,JR,SO,SR,JR,SO,SO,JR,JR,SR,SR,JR,JR,SR,SR,SR,SR,JR,JR",19,21,"A medium-sized, 4-year, private university. This coed college is located in a very large city in an urban setting and is primarily a residential campus. It offers bachelor's, master's and doctoral degrees.",www.fordham.edu,Medium-sized,"8,633","$47,293","$47,293","441 East Fordham Road, Bronx, NY 10458",14:1,Very selective,48
George Mason (Men's),11-4-5,0.73,4-2-2,Atlantic 10,Virginia,Fairfax,Greg Andrulis,703-993-3288,Patriots,Conference Standing: 4,"SO,FR,JR,SO,JR,FR,SO,FR,JR,SO,SR,JR,FR,SO,SO,FR,SO,JR,FR,JR,FR,FR,SO,JR,JR",29,16,"A large, 4-year, public university. This coed college is located in a large town in a suburban setting and is primarily a residential campus. It offers bachelor's, master's and doctoral degrees.",www.gmu.edu,Large,"22,343","$10,382","$29,960","4400 University Drive, Fairfax, VA 22030",16:1,Somewhat selective,67
George Washington (Men's),6-9-2,0.40,2-4-2,Atlantic 10,District of Columbia,Washington,Craig Jones,202-994-9779,Colonials,Conference Standing: 10,"JR,JR,JR,FR,FR,SO,SR,FR,SR,FR,JR,JR,FR,SO,SO,SO,JR,SO,JR,JR,FR,JR,SO,SR,SR,SO,SO,JR",17,29,"A medium-sized, 4-year, private university. This coed college is located in a very large city in an urban setting and is primarily a residential campus. It offers certificate, associate, bachelor's, master's and doctoral degrees.",www.gwu.edu/explore,Medium-sized,"10,740","$50,435","$50,435","2121 I Street NW, Washington, DC 20052",--,Very selective,44
La Salle (Men's),7-9-3,0.44,3-3-2,Atlantic 10,Pennsylvania,Philadelphia,Pat Farrell,215-951-1993,Explorers,Conference Standing: 8,"SR,JR,JR,SR,SR,SR,SO,SR,JR,SO,SR,SR,SR,SO,SR,SO,SR,SR,SR,SO,JR,JR,SR,SO,JR,SR,JR,SR",20,24,"A medium-sized, 4-year, private university and liberal arts college. This coed college is located in a very large city in an urban setting and is primarily a residential campus. It offers associate, bachelor's, master's and doctoral degrees.",www.lasalle.edu,Medium-sized,"4,322","$41,100","$41,100","1900 West Olney Avenue, Philadelphia, PA 19141",12:1,Less selective,78
Massachusetts (Men's),3-14-1,0.18,2-5-1,Atlantic 10,Massachusetts,Amherst,Devin O'Neill,915-545-3544,Minutemen,Conference Standing: 12,"FR,FR,FR,JR,SO,SO,JR,FR,FR,SO,JR,SO,SO,FR,SR,JR,SO,FR,FR,FR,SO,SR,JR,JR,FR",17,42,"A small, 2-year, for-profit college of nursing and career college. This coed college is located in a very large city in an urban setting and is primarily a commuter campus. It offers certificate, associate and bachelor's degrees.",www.baystate.edu,Small,"1,075","$26,780","$26,780","122 Commonwealth Avenue, Boston, MA 02116",14:1,,
Rhode Island (Men's),13-5-3,0.72,7-1-0,Atlantic 10,Rhode Island,Kingston,Gareth Elliott,401-874-2560,Rams,Conference Standing: 1,"FR,JR,SR,JR,SO,SR,JR,SR,JR,FR,FR,JR,FR,SO,JR,SR,FR,FR,JR,FR,JR,FR",29,18,"A medium-sized, 4-year, public university. This coed college is located in a small town in a rural setting and is primarily a residential campus. It offers bachelor's, master's and doctoral degrees.",www.uri.edu,Medium-sized,"13,589","$12,862","$28,852","45 Upper College Road, Kingston, RI 02881",16:1,Less selective,76
Saint Joseph's (Men's),7-7-4,0.50,2-5-1,Atlantic 10,Pennsylvania,Philadelphia,Don D'Ambra,610-660-1764,Hawks,Conference Standing: 11,"FR,FR,SO,SR,SO,SO,SO,SR,JR,SO,FR,FR,FR,SR,SR,SR,SO,SO,SO,FR,JR,FR,JR,SO,SO,FR,FR",18,22,"A small, 4-year, private liberal arts college. This coed college is located in a small town in a rural setting and is primarily a residential campus. It offers diploma, associate, bachelor's and master's degrees.",www.saintjoe.edu,Small,"1,142","$28,690","$28,690","1498 South College Avenue, Rensselaer, IN 47978",11:1,Somewhat selective,66
Saint Louis (Men's),14-5-2,0.74,5-1-2,Atlantic 10,Missouri,St. Louis,Mike McGinty,314--97-7-31 Ext.,Billikens,Conference Standing: 2,"SO,JR,SR,SR,JR,SR,SO,SR,FR,JR,SR,JR,SO,SO,FR,SR,SO,FR,FR,JR,SO,JR,FR,FR,FR,SO,FR,SO",36,19,"A medium-sized, 4-year, public university. This coed college is located in a very large city in an urban setting and is primarily a commuter campus. It offers certificate, bachelor's, master's and doctoral degrees.",www.umsl.edu,Medium-sized,"13,887","$9,474","$24,795","One University Boulevard, Saint Louis, MO 63121",17:1,Less selective,76
St. Bonaventure (Men's),1-15-0,0.06,0-8-0,Atlantic 10,New York,St. Bonaventure,Mel Mahler,716-244-7896,Bonnies,Conference Standing: 13,"SR,SR,SR,SR,SR,SR,SR,SR,SR,SR,JR,SR,SO,SR,SO,SR,SR,SO,SR,SR,SR,SR,SR,SR",6,42,"A small, 4-year, private university. This coed college is located in a large town in a suburban setting and is primarily a residential campus. It offers bachelor's and master's degrees.",www.sbu.edu,Small,"1,771","$31,389","$31,389","3261 W. State Road, St. Bonaventure, NY 14778",11:1,Somewhat selective,70
VCU (Men's),7-8-5,0.47,4-1-3,Atlantic 10,Virginia,Richmond,Dave Giffard,804-869-1951,Rams,Conference Standing: 3,"SO,SR,JR,SR,SR,SR,SO,SR,SR,SO,SR,SO,FR,SR,SR,SR,SR,SR,SO,SR,JR,JR,SO,JR,SO,SO,SO,JR,SO,SO,SO",18,14,"A large, 4-year, public university. This coed college is located in a small city in an urban setting and is primarily a residential campus. It offers certificate, bachelor's, master's and doctoral degrees.",www.vcu.edu,Large,"23,962","$12,398","$29,847","821 West Franklin Street, Richmond, VA 23284",17:1,Somewhat selective,69
Boston College (Men's),5-8-3,0.38,1-6-1,Atlantic Coast,Massachusetts,Chestnut Hill,Ed Kelly,857-233-3586,Eagles,Conference Standing: 11,"JR,JR,JR,SR,SR,SR,SO,SR,FR,JR,SR,FR,FR,FR,SR,SO,JR,SO,SO,SR,SR,JR,FR,SR,FR,FR,SR,FR",19,21,"A medium-sized, 4-year, private university. This coed college is located in a small city in a suburban setting and is primarily a residential campus. It offers bachelor's, master's and doctoral degrees.",www.bc.edu,Medium-sized,"9,154","$49,324","$49,324","140 Commonwealth Avenue, Chestnut Hill, MA 02467",12.5:1,Very selective,34
Clemson (Men's),12-7-3,0.63,5-2-1,Atlantic Coast,South Carolina,Clemson,Mike Noonan,864-656-1946,Tigers,Conference Standing: 4,"FR,JR,SR,FR,SO,JR,SO,SR,FR,JR,SR,FR,FR,FR,SO,SO,SO,SR,JR,SO,SR,SO,JR,JR,FR,SO,SO",37,21,"A large, 4-year, public university and college of engineering. This coed college is located in a large town in a rural setting and is primarily a residential campus. It offers certificate, bachelor's, master's and doctoral degrees.",www.clemson.edu,Large,"17,260","$13,546","$31,562","105 Sikes Hall, Clemson, SC 29634",--,Somewhat selective,52
Duke (Men's),9-9-1,0.50,4-4-0,Atlantic Coast,North Carolina,Durham,John Kerr,919-668-5734,Blue Devils,Conference Standing: 7,"SR,SR,FR,SR,SR,FR,FR,SR,SR,SR,JR,SR,SR,SR,JR,JR,SO,SR,SR,SR,FR,SO,SO,FR,SO,SR,SR,SR,SR,SR,SR,FR,JR",32,34,"A medium-sized, 4-year, private university. This coed college is located in a large city in a suburban setting and is primarily a residential campus. It offers bachelor's, master's and doctoral degrees.",www.duke.edu,Medium-sized,"6,626","$49,241","$49,241","2138 Campus Drive, Durham, NC 27708",7:1,Most selective,11
Louisville (Men's),11-8-3,0.58,4-3-1,Atlantic Coast,Kentucky,Louisville,Ken Lolla,502-472-4740,Cardinals,Conference Standing: 6,"SO,JR,SR,SR,JR,FR,SO,JR,SO,SR,SO,SO,FR,SR,SO,SO,SR,SR",31,22,"A large, 4-year, public university. This coed college is located in a very large city in an urban setting and is primarily a commuter campus. It offers certificate, associate, bachelor's, master's and doctoral degrees.",www.louisville.edu,Large,"15,962","$10,432","$24,320","2301 South Third Street, Louisville, KY 40292",17:1,Somewhat selective,74
NC State (Men's),7-7-4,0.50,1-4-3,Atlantic Coast,North Carolina,Raleigh,Kelly Findley,919-515-3013,Wolfpack,Conference Standing: 10,"FR,JR,SO,FR,SO,FR,SO,SR,FR,SR,FR,SO,JR,SO,JR,FR,JR,FR,SR,SR,SO,SR,FR,FR,JR,SO,SO,JR,FR,FR",28,23,"A large, 4-year, public university. This coed college is located in a large city in an urban setting and is primarily a residential campus. It offers associate, bachelor's, master's and doctoral degrees.",www.ncsu.edu,Large,"24,473","$8,581","$24,932","2101 Hillsborough Street, Raleigh, NC 27695",--,Somewhat selective,51
North Carolina (Men's),15-5-2,0.75,5-2-1,Atlantic Coast,North Carolina,Chapel Hill,Carlos Somoano,,Tar Heels,Conference Standing: 3,"SR,JR,SR,FR,SO,SO,SR,SR,SR,SR,JR,FR,SO,SR,SR,FR,SR,FR,SO,SR,SR,FR,FR,FR,SO,SO,JR,FR,SO,JR,FR,JR,SR,JR,JR",52,21,"A large, 4-year, public university. This coed college is located in a small city in a suburban setting and is primarily a residential campus. It offers certificate, bachelor's, master's and doctoral degrees.",www.unc.edu,Large,"18,350","$8,336","$33,418","CB# 9100, 103 South Building, Chapel Hill, NC 27599",13:1,Very selective,29
Notre Dame (Men's),12-5-4,0.71,6-1-1,Atlantic Coast,Indiana,Notre Dame,Bobby Clark,574-532-0251,Fighting Irish,Conference Standing: 1,"FR,SR,SR,JR,SO,SR,SR,JR,SR,SR,SO,SO,SR,SO,SO,JR,JR,FR,SR,SO,FR,SR,SR,FR,SO,FR,SO,JR,FR,JR",35,18,"A medium-sized, 4-year, private university. This coed college is located in a small city in a suburban setting and is primarily a residential campus. It offers bachelor's, master's and doctoral degrees.",www.nd.edu,Medium-sized,"8,448","$47,929","$47,929","220 Main Building, Notre Dame, IN 46556",11:1,Most selective,21
Pittsburgh (Men's),4-9-4,0.31,0-6-2,Atlantic Coast,Pennsylvania,Pittsburgh,Joe Luxbacher,412-995-8629,Panthers,Conference Standing: 12,"FR,FR,SO,SR,SO,SO,JR,SO,FR,JR,SR,SO,SO,FR,SR,FR,SR,FR,FR,SR,JR,JR,SO,JR,SR,JR",13,27,"A large, 4-year, public university. This coed college is located in a large city in an urban setting and is primarily a residential campus. It offers bachelor's, master's and doctoral degrees.",www.pitt.edu,Large,"18,757","$17,772","$28,168","4200 Fifth Avenue, Pittsburgh, PA 15260",14:1,Somewhat selective,53
Syracuse (Men's),16-4-1,0.80,5-2-1,Atlantic Coast,New York,Syracuse,Ian McIntyre,315-443-3025,Orange,Conference Standing: 2,"JR,FR,SO,SR,SR,SO,JR,SO,SR,JR,FR,FR,JR,SO,SO,JR,SR,SO,FR,JR,SR,SO,FR,SO,FR,JR,JR,JR,FR",37,12,"A medium-sized, 4-year, private university. This coed college is located in a small city in an urban setting and is primarily a residential campus. It offers certificate, associate, bachelor's, master's and doctoral degrees.",www.syr.edu,Medium-sized,"15,224","$43,318","$43,318","900 South Crouse Avenue, Syracuse, NY 13244",16:1,Somewhat selective,53
Virginia (Men's),13-6-4,0.68,3-3-2,Atlantic Coast,Virginia,Charlottesville,George Gelnovatch,434-981-4931,Cavaliers,Conference Standing: 8,"SO,SR,SR,SR,SR,JR,JR,SO,JR,SO,SR,SO,SR,SR,JR,FR,SR,SO,SO,SR,SR,SR,SR,SR,SO,JR,SO,SO,JR,FR,SO,JR",27,17,"A medium-sized, 4-year, public university. This coed college is located in a large town in a suburban setting and is primarily a residential campus. It offers associate, bachelor's, master's and doctoral degrees.",www.vsu.edu,Medium-sized,"4,498","$8,002","$17,258","1 Hayden Drive, Petersburg, VA 23806",13:1,Less selective,80
Virginia Tech (Men's),7-8-2,0.47,2-5-1,Atlantic Coast,Virginia,Blacksburg,Michael Brizendine,540-230-8942,Hokies,Conference Standing: 9,"FR,FR,FR,SR,SO,SO,FR,SO,JR,JR,SO,FR,FR,FR,FR,FR,FR,FR,SO,FR,FR,FR,FR,SR,FR,JR,FR",19,22,"A large, 4-year, public university. This coed college is located in a large town in a rural setting and is primarily a residential campus. It offers associate, bachelor's, master's and doctoral degrees.",www.vt.edu,Large,"24,247","$12,017","$28,048","800 Drillfield Drive, Blacksburg, VA 24060",16:1,Somewhat selective,73
Wake Forest (Men's),10-7-2,0.59,5-3-0,Atlantic Coast,North Carolina,Winston-Salem,Jay Vidovich,336-287-5783,Demon Deacons,Conference Standing: 5,"SO,JR,FR,SO,FR,SR,SO,FR,SO,JR,JR,SO,FR,SO,FR,FR,FR,SO,SO,FR,FR,SO,FR,FR,SO,SR,SO,FR",37,25,"A medium-sized, 4-year, private university. This coed college is located in a small city in a suburban setting and is primarily a residential campus. It offers bachelor's, master's and doctoral degrees.",www.wfu.edu,Medium-sized,"4,867","$47,682","$47,682","1834 Wake Forest Road, Winston-Salem, NC 27106",11:1,Very selective,34
Florida Gulf Coast (Men's),7-7-5,0.50,3-1-1,Atlantic Sun,Florida,Fort Myers,Bob Butehorn,239-590-7668,Eagles,Conference Standing: 3,"JR,JR,SO,FR,JR,SR,JR,JR,JR,FR,SO,FR,SR,SO,SO,SR,FR,SO,FR,FR,SR,FR,FR,FR,SO,SO,JR",19,15,"A medium-sized, 4-year, public university. This coed college is located in a small city in a suburban setting and is primarily a residential campus. It offers associate, bachelor's, master's and doctoral degrees.",www.fgcu.edu,Medium-sized,"13,300","$6,118","$25,162","10501 FGCU Blvd South, Fort Myers, FL 33965",23:1,Somewhat selective,59
Jacksonville (Men's),4-12-0,0.25,1-5-0,Atlantic Sun,Florida,Jacksonville,Mauricio Ruiz,904-256-7420,Dolphins,Conference Standing: 7,"SO,SO,SO,SO,SO,JR,SR,JR,SR,JR,JR,SO,SO,SO,SO,SO,SO,FR,FR,FR,JR,SO,SO,FR,FR,FR,SO",15,27,"A medium-sized, 4-year, public university. This coed college is located in a small town in a rural setting and is primarily a commuter campus. It offers bachelor's, master's and doctoral degrees.",www.jsu.edu,Medium-sized,"7,647","$8,790","$17,280","700 Pelham Road North, Jacksonville, AL 36265",19:1,Less selective,83
Lipscomb (Men's),12-4-1,0.75,4-1-1,Atlantic Sun,Tennessee,Nashville,Charles Morrow,615-498-5366,Bisons,Conference Standing: 1,"SO,FR,FR,SO,SR,SR,FR,SR,SO,JR,SO,JR,JR,JR,JR,SO,FR,SR,SR,FR,JR,FR,SO,FR,JR,FR,SO,FR",33,24,"A medium-sized, 4-year, private university and liberal arts college. This coed college is located in a very large city in a suburban setting and is primarily a residential campus. It offers associate, bachelor's, master's and doctoral degrees.",www.lipscomb.edu,Medium-sized,"2,883","$28,624","$28,624","One University Park Drive, Nashville, TN 37204",12:1,Somewhat selective,56
North Florida (Men's),8-6-1,0.57,3-2-1,Atlantic Sun,Florida,Jacksonville,Derek Marinatos,864-915-9683,Osprey,Conference Standing: 4,"FR,JR,JR,SR,SR,SO,JR,SR,JR,JR,SO,SO,JR,JR,FR,JR,SR,JR,SR,SO,SO,SO,FR,SO,SO,SR",31,24,"A medium-sized, 4-year, public university. This coed college is located in a very large city in an urban setting and is primarily a residential campus. It offers associate, bachelor's, master's and doctoral degrees.",www.unf.edu,Medium-sized,"14,121","$6,385","$20,789","1 UNF Drive, Jacksonville, FL 32224",20:1,Somewhat selective,61
Northern Kentucky (Men's),6-10-4,0.38,1-4-1,Atlantic Sun,Kentucky,Highland Heights,John Basalyga,859-496-6394,Norse,Conference Standing: 6,"JR,SR,SR,JR,SR,SO,SR,FR,FR,JR,SO,FR,SR,JR,SR,SR,JR,FR,FR,JR,FR,SO,JR,FR,JR,FR,JR,FR,SO",17,31,"A medium-sized, 4-year, public university. This coed college is located in a small town in a suburban setting and is primarily a commuter campus. It offers certificate, associate, bachelor's, master's and doctoral degrees.",www.nku.edu,Medium-sized,"12,809","$8,856","$17,328","Nunn Drive, Highland Heights, KY 41099",17:1,Less selective,93
Stetson (Men's),8-7-2,0.53,4-2-0,Atlantic Sun,Florida,DeLand,T. Logan Fleck,386-822-8123,Hatters,Conference Standing: 2,"SR,SO,SR,SR,SO,SR,SR,SR,JR,JR,SO,SR,SO,SO,SR,SR,JR,SO,SR,SR,SO,SO,SO,SO",34,28,"A medium-sized, 4-year, private university. This coed college is located in a large town in a suburban setting and is primarily a residential campus. It offers bachelor's, master's and doctoral degrees.",www.stetson.edu,Medium-sized,"2,841","$41,590","$41,590","421 North Woodland Boulevard, DeLand, FL 32723",12:1,Somewhat selective,61
USC Upstate (Men's),4-10-1,0.29,2-3-0,Atlantic Sun,South Carolina,Spartanburg,Greg Hooks,864-503-5117,Spartans,Conference Standing: 5,"JR,SO,JR,JR,FR,JR,SO,SR,SR,SR,SR,JR,JR,SO,FR,JR,FR,FR,JR,JR,FR,JR,SO,SO,FR,SO,SO,FR,FR,JR,FR,SO",21,33,"A medium-sized, 4-year, public university. This coed college is located in a small city in a suburban setting and is primarily a commuter campus. It offers bachelor's and master's degrees.",www.uscupstate.edu,Medium-sized,"5,334","$10,818","$21,468","800 University Way, Spartanburg, SC 29303",16:1,Somewhat selective,53
Butler (Men's),6-7-5,0.46,2-5-2,Big East,Indiana,Indianapolis,Paul Snape,248-709-0138,Bulldogs,Conference Standing: 8,"SO,FR,FR,SR,SR,FR,FR,JR,FR,SR,JR,SO,FR,SR,JR,JR,SO,SR,SO,SO,JR,JR,FR,JR,SR,FR",18,19,"A medium-sized, 4-year, private university. This coed college is located in a very large city in a suburban setting and is primarily a residential campus. It offers associate, bachelor's, master's and doctoral degrees.",www.butler.edu,Medium-sized,"4,062","$37,010","$37,010","4600 Sunset Avenue, Indianapolis, IN 46208",12:1,Somewhat selective,68
Creighton (Men's),16-3-3,0.84,7-1-1,Big East,Nebraska,Omaha,Elmar Bolowich,402-280-2720,Bluejays,Conference Standing: 1,"JR,SR,SR,FR,JR,JR,JR,FR,SR,SR,SO,JR,FR,FR,SO,FR,JR,FR,JR,SO,JR,FR,JR,SR,FR,FR",32,11,"A medium-sized, 4-year, private university. This coed college is located in a very large city in an urban setting and is primarily a residential campus. It offers certificate, associate, bachelor's, master's and doctoral degrees.",www.creighton.edu,Medium-sized,"4,065","$36,422","$36,422","2500 California Plaza, Omaha, NE 68178",11:1,Somewhat selective,73
DePaul (Men's),4-10-4,0.29,1-6-2,Big East,Illinois,Chicago,Craig Blazer,773-325-7231,Blue Demons,Conference Standing: 9,"SO,FR,SR,SR,JR,SR,FR,FR,JR,SO,FR,SO,FR,FR,FR,JR,SO,FR,FR,SO,SR,SR,FR,FR,SR,SO",17,30,"A large, 4-year, private university. This coed college is located in a very large city in an urban setting and is primarily a commuter campus. It offers certificate, bachelor's, master's and doctoral degrees.",www.depaul.edu,Large,"16,153","$36,361","$36,361","One East Jackson Boulevard, Chicago, IL 60604",17:1,Somewhat selective,65
Georgetown (Men's),14-4-5,0.78,6-2-1,Big East,District of Columbia,Washington,Brian Wiese,703-597-5815,Hoyas,Conference Standing: 3,"SR,SR,JR,FR,SO,FR,FR,SO,JR,JR,JR,SR,JR,SR,SO,SR,FR,FR,SO,SO,JR,SO,FR,SO,SO",30,15,"A small, 4-year, private liberal arts college. This coed college is located in a large town in a suburban setting and is primarily a residential campus. It offers bachelor's and master's degrees.",www.georgetowncollege.edu,Small,979,"$34,280","$34,280","400 East College Street, Georgetown, KY 40324",9:1,Less selective,89
Marquette (Men's),8-6-4,0.57,2-3-4,Big East,Wisconsin,Milwaukee,Louis Bennett,414-313-3325,Golden Eagles,Conference Standing: 6,"SR,SO,FR,JR,FR,FR,FR,JR,JR,SR,FR,SO,SR,SR,FR,JR,SO,SO,FR,FR,SO,SO,SO,SO,FR",24,14,"A medium-sized, 4-year, private university. This coed college is located in a very large city in an urban setting and is primarily a residential campus. It offers bachelor's, master's and doctoral degrees.",www.marquette.edu,Medium-sized,"8,410","$37,170","$37,170","1250 West Wisconsin Avenue, Milwaukee, WI 53233",14:1,Somewhat selective,67
Providence (Men's),16-5-2,0.76,5-2-2,Big East,Rhode Island,Providence,Craig Stewart,401-865-2322,Friars,Conference Standing: 4,"SR,SO,SR,SR,JR,SR,SR,JR,SR,SR,SR,SR,SR,SO,SO,JR,SO,SO,SO,SR,FR,SR,SO,SO,SO,SO",44,26,"A medium-sized, 4-year, private liberal arts college. This coed college is located in a small city in a suburban setting and is primarily a residential campus. It offers certificate, associate, bachelor's and master's degrees.",www.providence.edu,Medium-sized,"4,176","$45,400","$45,400","1 Cunningham Square, Providence, RI 02918",12:1,Somewhat selective,63
Seton Hall (Men's),5-7-5,0.42,2-4-3,Big East,New Jersey,South Orange,Gerson Echeverry,973-761-9693,Pirates,Conference Standing: 7,"SR,SR,SO,SR,SR,SR,SO,SR,SR,SR,SR,JR,JR,SR,JR,SR,SR,SR,JR,SR,SO,SO,SR,SR,SR,JR,SO,SO",21,27,"A medium-sized, 4-year, private university. This coed college is located in a large town in a suburban setting and is primarily a residential campus. It offers bachelor's, master's and doctoral degrees.",www.shu.edu,Medium-sized,"5,817","$38,272","$38,272","400 South Orange Avenue, South Orange, NJ 07079",14:1,Less selective,76
St. John's (Men's),4-10-4,0.29,1-7-1,Big East,New York,Queens,Dr. Dave Masur,718-990-6197,Red Storm,Conference Standing: 10,"JR,JR,JR,SR,SR,SO,SO,SR,SR,SO,SR,SO,JR",15,24,"A small, 4-year, private university and liberal arts college. This coed college is located in a rural community in a rural setting and is primarily a residential campus. It offers bachelor's and master's degrees.",www.csbsju.edu,Small,"1,789","$40,226","$40,226","2850 Abbey Plaza, Collegeville, MN 56321",12:1,Less selective,79
Villanova (Men's),8-8-3,0.50,3-4-2,Big East,Pennsylvania,Villanova,Tom Carlin,610-551-5453,Wildcats,Conference Standing: 5,"SR,SO,SO,JR,SO,JR,SR,SO,SR,SR,JR,SO,SR,SO,JR,JR,FR,SR,SO,JR,SR,SR,SR,SO,SR",22,17,"A medium-sized, 4-year, private university. This coed college is located in a large town in a suburban setting and is primarily a residential campus. It offers associate, bachelor's, master's and doctoral degrees.",www.villanova.edu,Medium-sized,"7,118","$47,616","$47,616","800 Lancaster Avenue, Villanova, PA 19085",12:1,Very selective,49
Xavier (Men's),15-6-2,0.71,6-1-2,Big East,Ohio,Cincinnati,Andy Fleming,513-475-3879,Musketeers,Conference Standing: 2,"SR,JR,FR,SR,SR,FR,SO,FR,JR,SO,SR,FR,JR,SO,JR,FR,FR,JR,JR,FR,JR,FR,SO,FR,SR,SO,SO",35,20,"A medium-sized, 4-year, private university. This coed college is located in a very large city in an urban setting and is primarily a commuter campus. It offers bachelor's, master's and doctoral degrees.",www.xula.edu,Medium-sized,"2,359","$22,349","$22,349","One Drexel Drive, New Orleans, LA 70125",14:1,Somewhat selective,66
Campbell (Men's),5-13-0,0.28,2-7-0,Big South,North Carolina,Buies Creek,Steve Armas,910-893-1333,Fighting Camels,Conference Standing: 8,"FR,JR,FR,SR,FR,SR,SR,SR,SR,FR,JR,SO,SO,FR,SR,JR,SR,FR,SR,JR,FR,SO,FR,FR,FR,FR",19,36,"A medium-sized, 4-year, private university and liberal arts college. This coed college is located in a rural community in a rural setting and is primarily a residential campus. It offers associate, bachelor's, master's and doctoral degrees.",www.campbell.edu,Medium-sized,"4,296","$28,635","$28,635","450 Leslie Campbell Avenue, Buies Creek, NC 27506",--,,
Coastal Carolina (Men's),16-6-1,0.73,7-1-1,Big South,South Carolina,Conway,Shaun Docking,843-421-8874,Chanticleers,Conference Standing: 2,"JR,SR,SO,FR,SR,SR,SR,SR,SR,SO,JR,JR,SR,JR,FR,SR,JR,FR,FR,SR,FR,SO,SR,FR,FR,SO,FR,SR",48,20,"A medium-sized, 4-year, public university. This coed college is located in a large town in a suburban setting and is primarily a commuter campus. It offers certificate, bachelor's, master's and doctoral degrees.",www.coastal.edu,Medium-sized,"9,364","$10,050","$23,390","103 Tom Trout Drive, Conway, SC 29526",17:1,Somewhat selective,64
Gardner-Webb (Men's),3-13-1,0.19,1-7-1,Big South,North Carolina,Boiling Springs,Tony Setzer,,Runnin' Bulldogs,Conference Standing: 9,"SO,JR,SR,FR,JR,SO,FR,JR,SR,JR,SO,JR,JR,SR,SO,FR,FR,SO,FR,JR,SR,SR,FR,SR,FR,FR,FR,FR,SR,SO,JR,FR,FR,FR,FR,FR",22,39,"A small, 4-year, private university and liberal arts college. This coed college is located in a small town in a rural setting and is primarily a residential campus. It offers associate, bachelor's, master's and doctoral degrees.",www.gardner-webb.edu,Small,"1,537","$28,280","$28,280","110 South Main Street, Boiling Springs, NC 28017",--,Less selective,99
High Point (Men's),9-8-2,0.53,6-2-1,Big South,North Carolina,High Point,Dustin Fonder,336-263-1962,Panthers,Conference Standing: 4,"FR,FR,JR,SO,JR,JR,SR,FR,JR,FR,SR,FR,FR,SO,SO,FR,SO,JR,SO,JR,FR,SO,SR,JR,FR,FR,SO,FR,JR,SO",27,24,"A medium-sized, 4-year, private university and liberal arts college. This coed college is located in a small city in a suburban setting and is primarily a residential campus. It offers bachelor's, master's and doctoral degrees.",www.highpoint.edu,Medium-sized,"4,208","$32,430","$32,430","833 Montlieu Avenue, High Point, NC 27268",15:1,Less selective,80
Liberty (Men's),11-6-1,0.65,6-3-0,Big South,Virginia,Lynchburg,Jeff Alder,434-473-9214,Flames,Conference Standing: 5,"SR,FR,JR,SO,FR,JR,FR,FR,JR,JR,SO,JR,FR,FR,JR,JR,FR,SO,JR,FR,FR,JR,JR,FR,SO",30,23,"A medium-sized, 4-year, private university. This coed college is located in a small city in a suburban setting and is primarily a residential campus. It offers certificate, associate, bachelor's, master's and doctoral degrees.",www.liberty.edu,Medium-sized,"12,645","$22,000","$22,000","1971 University Boulevard, Lynchburg, VA 24515",18:1,Most selective,20
Longwood (Men's),4-14-1,0.22,3-6-0,Big South,Virginia,Farmville,Jon Atkinson,434-390-4912,Lancers,Conference Standing: 7,"SO,JR,SR,SO,JR,JR,SR,SR,SO,SO,SR,SO,SO,JR,JR,JR,SR,SR,JR,JR,SO,JR,SO,SR",25,46,"A medium-sized, 4-year, public university. This coed college is located in a small town in a rural setting and is primarily a residential campus. It offers bachelor's and master's degrees.",www.longwood.edu,Medium-sized,"4,574","$11,580","$25,350","201 High Street, Farmville, VA 23909",17:1,Somewhat selective,73
Presbyterian (Men's),1-14-0,0.07,0-9-0,Big South,South Carolina,Clinton,Bret Boulware,864-525-3219,Blue Hose,Conference Standing: 10,"FR,FR,FR,JR,SR,JR,SR,SO,SO,FR,SO,SR,SO,SO,SR,FR,FR,FR,SO,SO,FR,FR,JR,FR,JR,SO",7,45,"A small, 4-year, private college of pharmacy and liberal arts college. This coed college is located in a small town in a rural setting and is primarily a residential campus. It offers bachelor's and doctoral degrees.",www.presby.edu,Small,"1,146","$36,130","$36,130","503 South Broad Street, Clinton, SC 29325",12:1,Somewhat selective,54
Radford (Men's),12-5-3,0.71,8-1-0,Big South,Virginia,Radford,Marc Reeves,917-841-4587,Highlanders,Conference Standing: 1,"FR,FR,SR,JR,SO,JR,SO,FR,SR,SR,FR,SR,FR,SR,SR,FR,SO,FR,JR,SO,JR,FR,JR,FR,FR,FR,FR,FR,FR,FR,FR,FR,FR,SR",32,17,"A medium-sized, 4-year, public university. This coed college is located in a large town in a rural setting and is primarily a residential campus. It offers certificate, bachelor's, master's and doctoral degrees.",www.radford.edu,Medium-sized,"8,885","$9,360","$21,600","801 East Main Street, Radford, VA 24142",18:1,Less selective,79
UNC Asheville (Men's),5-9-3,0.36,3-4-2,Big South,North Carolina,Asheville,Matt Kern,828-545-8927,Bulldogs,Conference Standing: 6,"SR,SR,SR,SR,SR,SR,SR,SR,SR,SR,SR,SR,SR,JR,JR,JR,SR,JR,JR,SR,SR,SR",14,29,"A medium-sized, 4-year, public university and liberal arts college. This coed college is located in a small city in an urban setting and is primarily a residential campus. It offers bachelor's and master's degrees.",www.unca.edu,Medium-sized,"3,804","$6,392","$21,263","One University Heights, Asheville, NC 28804",14:1,Somewhat selective,73
Winthrop (Men's),13-4-2,0.76,6-2-1,Big South,South Carolina,Rock Hill,Rich Posipanko,803-323-2129 Ext.,Eagles,Conference Standing: 3,"JR,SR,JR,SR,JR,SR,SR,JR,SR,SR,JR,SR,SO,JR,SO,SR,SR,SO,JR,SR,SO,SO,JR,SO,SO,SO,SO,SR",44,23,"A medium-sized, 4-year, public university. This coed college is located in a small city in a suburban setting and is primarily a residential campus. It offers bachelor's and master's degrees.",www.winthrop.edu,Medium-sized,"4,974","$13,812","$26,738","701 Oakland Avenue, Rock Hill, SC 29733",14:1,Somewhat selective,71
Indiana (Men's),12-5-5,0.71,3-3-2,Big Ten,Indiana,Bloomington,Todd Yeagley,812-855-0051,Hoosiers,Conference Standing: 6,"JR,SR,SO,SO,JR,FR,FR,JR,FR,JR,SO,FR,FR,JR,SR,SR,FR,SO,SR,FR,JR,SO,SR,FR,SO,SO,SO,FR,JR,SO,JR",35,22,"A medium-sized, 4-year, public university. This coed college is located in a small city in an urban setting and is primarily a residential campus. It offers certificate, associate, bachelor's, master's and doctoral degrees.",www.indstate.edu,Medium-sized,"10,881","$8,416","$18,346","200 North Seventh Street, Terre Haute, IN 47809",20:1,Less selective,83
Maryland (Men's),12-6-3,0.67,5-2-1,Big Ten,Maryland,College Park,Sasho Cirovski,410--70-7-44 Ext.,Terrapins,Conference Standing: 1,"SO,SO,SR,JR,FR,SR,JR,SR,SR,SR,JR,JR,JR,SR,SO,SO,SO,SO,JR,SO",32,17,"A large, 4-year, public university. This coed college is located in a large town in a suburban setting and is primarily a commuter campus. It offers certificate, bachelor's, master's and doctoral degrees.",www.maryland.edu,Large,"27,056","$9,427","$29,720","Mitchell Building, College Park, MD 20742",17:1,Very selective,47
Michigan (Men's),6-9-3,0.40,3-3-2,Big Ten,Michigan,Ann Arbor,Chaka Daley,,Wolverines,Conference Standing: 7,"SR,FR,SO,JR,SO,SR,FR,SR,JR,SR,SR,SO,FR,SO,JR,SO,SO,SO,SR,SO,FR,FR,FR,SR,SO",20,23,"A large, 4-year, public university. This coed college is located in a small city in an urban setting and is primarily a residential campus. It offers bachelor's, master's and doctoral degrees.",www.umich.edu,Large,"28,395","$13,486","$41,906","1220 Student Activities Building, 525 East Jefferson Street, Ann Arbor, MI 48109",15:1,Very selective,32
Michigan State (Men's),12-5-6,0.71,4-2-2,Big Ten,Michigan,East Lansing,Damon Rensing,517-355-8493,Spartans,Conference Standing: 5,"JR,JR,SO,FR,SR,JR,SR,SR,FR,FR,JR,SR,SO,SR,SO,SO,JR,SR,SO,SO,JR,SR,FR,SO,SR,JR,FR,FR",31,19,"A large, 4-year, public university. This coed college is located in a small city in a suburban setting and is primarily a residential campus. It offers certificate, bachelor's, master's and doctoral degrees.",www.msu.edu,Large,"38,786","$13,200","$34,965","250 Hannah Administration Building, East Lansing, MI 48824",17:1,Somewhat selective,66
Northwestern (Men's),9-4-6,0.69,4-1-3,Big Ten,Illinois,Evanston,Tim Lenahan,847-833-1496,Wildcats,Conference Standing: 3,"SR,JR,SR,SR,SO,SR,FR,FR,JR,FR,JR,SR,SR,SR,JR,JR,SO,JR,JR,SO,SO,FR,SR,SO,SO,SR,SR,FR",22,12,"A medium-sized, 4-year, private university. This coed college is located in a small city in a suburban setting and is primarily a residential campus. It offers certificate, bachelor's, master's and doctoral degrees.",www.northwestern.edu,Medium-sized,"9,177","$49,047","$49,047","633 Clark Street, Evanston, IL 60208",--,Most selective,13
Ohio State (Men's),9-8-5,0.53,5-3-0,Big Ten,Ohio,Columbus,John Bluem,614-292-3139,Buckeyes,Conference Standing: 4,"SR,FR,JR,SO,JR,SR,JR,SO,SO,SO,SO,SO,FR,FR,FR,SR,FR,SR,FR,SR,SO,SO,FR,SR,JR,JR,FR,SR,SR",28,22,"A small, 2-year, public agricultural college and branch campus. This coed college is located in a large town in a suburban setting and is primarily a residential campus. It offers certificate and associate degrees.",www.ati.osu.edu,Small,702,"$7,104","$23,604","1328 Dover Road, Wooster, OH 44691",17:1,Open admission,97
Penn State (Men's),13-6-1,0.68,5-3-0,Big Ten,Pennsylvania,University Park,Bob Warming,814-321-5770,Nittany Lions,Conference Standing: 2,"SR,JR,SO,SR,SO,JR,JR,SO,SO,SR,SR,SR,JR,JR,SO,SO,JR,FR,FR,JR,FR,FR,SO,JR,SO,SR,SO",29,18,"A large, 4-year, public university. This coed college is located in a large town in a suburban setting and is primarily a residential campus. It offers certificate, associate, bachelor's, master's and doctoral degrees.",www.psu.edu,Large,"40,541","$17,502","$30,452","201 Old Main, University Park, PA 16802",16:1,Somewhat selective,50
Rutgers (Men's),6-11-1,0.35,1-6-1,Big Ten,New Jersey,Piscataway,Dan Donigan,732-718-5413,Scarlet Knight,Conference Standing: 8,"SO,FR,JR,JR,JR,FR,JR,SR,SR,SO,FR,SR,JR,FR,SO,SO,JR,FR,SO,JR,FR,FR,JR,SO",21,33,"A medium-sized, 4-year, public university. This coed college is located in a small city in an urban setting and is primarily a commuter campus. It offers bachelor's, master's and doctoral degrees.",www.camden.rutgers.edu,Medium-sized,"4,857","$13,683","$27,978","406 Penn Street, Camden, NJ 08102",10:1,Somewhat selective,60
Wisconsin (Men's),3-12-3,0.20,0-7-1,Big Ten,Wisconsin,Madison,John Trask,608-225-3861,Badgers,Conference Standing: 9,"SO,SO,FR,FR,SR,JR,JR,JR,SO,FR,FR,SR,FR,SO,FR,FR,SR,SR,SO,FR,JR,SO,FR,JR,FR,FR,SO,FR,FR",20,34,"A medium-sized, 4-year, public university. This coed college is located in a large town in a rural setting and is primarily a residential campus. It offers associate, bachelor's and master's degrees.",www.uwplatt.edu,Medium-sized,"8,047","$7,491","$15,064","1 University Plaza, Platteville, WI 53818",21:1,Less selective,79
Cal Poly (Men's),8-7-4,0.53,3-5-2,Big West,California,San Luis Obispo,,,Mustangs,Conference Standing: 4,"FR,JR,FR,SO,FR,SR,JR,FR,JR,SO,FR,SO,SO,SO,FR,SO,FR,JR,SO,JR,FR,SO,FR,JR,JR",29,24,"A large, 4-year, public university. This coed college is located in a large town in a suburban setting and is primarily a residential campus. It offers bachelor's and master's degrees.",www.calpoly.edu,Large,"19,246","$9,000","$20,160","One Grand Avenue, San Luis Obispo, CA 93407",20:1,Very selective,31
Sacramento State (Men's),6-11-4,0.35,4-5-1,Big West,California,Sacramento,Michael Linenberger,916-803-8038,Hornets,Conference Standing: 3,"FR,SO,SO,SO,SR,SO,JR,SO,SO,SR,SR,SO,FR,SR,FR,FR,JR,FR,SR,SO,FR,FR,JR,FR,FR",18,38,"A large, 4-year, public university. This coed college is located in a very large city in an urban setting and is primarily a commuter campus. It offers bachelor's, master's and doctoral degrees.",www.csus.edu,Large,"26,648","$6,872","$18,032","6000 J Street, Sacramento, CA 95819",26:1,Open admission,100
UC Davis (Men's),7-4-9,0.64,5-3-2,Big West,California,Davis,Dwayne Shaffer,530-752-8892,Aggies,Conference Standing: 2,"SO,JR,SR,FR,FR,SR,FR,FR,FR,SO,JR,SR,JR,SR,SO,SO,JR,JR,SO,FR,FR,FR,FR,SR,SR,FR,SO,FR,FR",20,16,"A large, 4-year, public university. This coed college is located in a small city in a suburban setting and is primarily a residential campus. It offers bachelor's, master's and doctoral degrees.",www.ucdavis.edu,Large,"27,728","$13,896","$36,774","One Shields Avenue, Davis, CA 95616",--,Very selective,41
UC Santa Barbara (Men's),10-7-3,0.59,6-2-2,Big West,California,Santa Barbara,Tim Vom Steeg,805-893-6044,Gauchos,Conference Standing: 1,"FR,SR,FR,JR,SR,FR,SR,JR,JR,SO,JR,FR,SO,SO,FR,SO,SO,SO,SO",30,28,"A large, 4-year, public university. This coed college is located in a small city in a suburban setting and is primarily a residential campus. It offers bachelor's, master's and doctoral degrees.",www.ucsb.edu,Large,"20,238","$13,860","$36,738","552 University Road, Santa Barbara, CA 93106",17:1,Very selective,36
Cal State Fullerton (Men's),10-8-6,0.56,3-4-3,Big West,California,Fullerton,George Kuntz,657-278-3244,Titans,Conference Standing: 3,"SR,SR,SO,SR,SO,JR,SR,SR,SR,SR,SR,SR,JR,SR,SR,SO,SR,SO,SR,SO,SR,SO,JR,SR,SR,SO,SO,SO,SO",34,26,"A large, 4-year, public university. This coed college is located in a small city in a suburban setting and is primarily a commuter campus. It offers bachelor's, master's and doctoral degrees.",www.fullerton.edu,Large,"32,726","$6,436","$17,596","800 North State College Boulevard, Fullerton, CA 92831",25:1,Very selective,44
Cal State Northridge (Men's),7-9-3,0.44,3-5-2,Big West,California,Northridge,Terry Davila,818-974-3369,Matadors,Conference Standing: 4,"SO,JR,SO,JR,SO,SO,SR,JR,JR,SR,FR,SR,SO,SO,JR,SO,SO,FR,SO,SR,JR,JR,FR,SR,SO,JR,FR,FR,JR,JR,SO,FR,FR",19,19,"A large, 4-year, public university. This coed college is located in a very large city in an urban setting and is primarily a commuter campus. It offers bachelor's, master's and doctoral degrees.",www.csun.edu,Large,"35,206","$6,549","$17,709","18111 Nordhoff Street, Northridge, CA 91330",28:1,Somewhat selective,53
UC Irvine (Men's),16-6-3,0.73,4-5-1,Big West,California,Irvine,Chris Volk,949-824-1096,Anteaters,Conference Standing: 2,"JR,SO,FR,SO,FR,SO,JR,JR,SR,SR,SR,FR,FR,SO,SO,SR,SR,SO,SO,SO,JR,JR,SR,JR,SO,SO,JR,FR,SO,JR",37,24,"A large, 4-year, public university. This coed college is located in a small city in a suburban setting and is primarily a residential campus. It offers bachelor's, master's and doctoral degrees.",www.uci.edu,Large,"24,489","$14,757","$37,635","A138 Student Center, Irvine, CA 92697",19:1,Very selective,37
UC Riverside (Men's),5-10-4,0.33,4-3-3,Big West,California,Riverside,Tim Cupello,951-827-5022,Highlanders,Conference Standing: 1,"FR,FR,SR,FR,SR,SO,JR,FR,FR,SR,SR,JR,SR,SO,SO,JR,FR,SO,JR,FR,SO,FR,FR,SO,SO,SR,JR,JR",21,23,"A large, 4-year, public university. This coed college is located in a large city in a suburban setting and is primarily a residential campus. It offers bachelor's, master's and doctoral degrees.",www.ucr.edu,Large,"18,782","$13,407","$36,285","900 University Avenue, Riverside, CA 92521",--,Somewhat selective,58
College of Charleston (Men's),2-11-3,0.15,0-6-2,Colonial Athletic Association,South Carolina,Charleston,Ralph D. Lundy Jr.,803-479-0361,Cougars,Conference Standing: 9,"SR,SR,JR,SR,SR,SO,SO,SR,SR,SR,SO,JR,SO,SR,SR,SO,SO,SO,SR,SR,SO,JR,SR,JR",15,25,"A medium-sized, 4-year, public liberal arts college. This coed college is located in a large city in an urban setting. It offers bachelor's and master's degrees.",www.cofc.edu,Medium-sized,"10,440","$10,878","$27,868","66 George Street, Charleston, SC 29424",15:1,Less selective,78
Delaware (Men's),13-6-1,0.68,5-2-1,Colonial Athletic Association,Delaware,Newark,Ian Hennessy,302-650-8531,Blue Hens,Conference Standing: 1,"SR,SR,SR,SO,SR,SR,JR,SR,JR,SO,SR,SO,SR,SO,SR,SR,JR,SR,SR,SR,JR,SR,SR,SO,SR,SO,JR",41,22,"A large, 4-year, public university. This coed college is located in a large town in a suburban setting and is primarily a residential campus. It offers associate, bachelor's, master's and doctoral degrees.",www.udel.edu,Large,"18,141","$12,342","$30,692","210 South College Avenue, Newark, DE 19716",15:1,Somewhat selective,66
Drexel (Men's),5-10-3,0.33,1-6-1,Colonial Athletic Association,Pennsylvania,Philadelphia,Doug Hess,215-895-1936,Dragons,Conference Standing: 8,"SO,JR,SR,FR,SR,FR,SO,SR,SR,SR,FR,SR,SO,FR,FR,FR,SR,JR,SR,SO,JR,SO,FR,SR,FR,JR",15,25,"A large, 4-year, private university. This coed college is located in a very large city in an urban setting and is primarily a residential campus. It offers certificate, associate, bachelor's, master's and doctoral degrees.",www.drexel.edu,Large,"16,896","$48,791","$48,791","3141 Chestnut Street, Philadelphia, PA 19104",--,Less selective,76
Elon (Men's),9-6-4,0.60,3-1-1,Colonial Athletic Association,North Carolina,Elon,Chris Little,336-278-6746,Phoenix,Conference Standing: 6,"FR,SR,FR,SR,SO,JR,FR,JR,SO,JR,FR,JR,SO,FR,JR,SO,JR,FR,JR,FR,SO,SR,SR,FR,SR,SO,FR",22,17,"A medium-sized, 4-year, private university and liberal arts college. This coed college is located in a large town in a suburban setting and is primarily a residential campus. It offers bachelor's, master's and doctoral degrees.",www.elon.edu,Medium-sized,"5,782","$32,172","$32,172","2700 Campus Box - 100 Campus Drive, Elon, NC 27244",12:1,Somewhat selective,54
Hofstra (Men's),10-6-3,0.63,4-3-1,Colonial Athletic Association,New York,Hempstead,Richard Nuttall,516-369-4092,Pride,Conference Standing: 3,"FR,JR,SO,SO,SO,JR,SO,SO,SR,FR,FR,FR,SO,FR,SR,FR,SO,FR,JR,FR,SR,SO,SO",24,20,"A medium-sized, 4-year, private university. This coed college is located in a large city in a suburban setting and is primarily a residential campus. It offers certificate, bachelor's, master's and doctoral degrees.",www.hofstra.edu,Medium-sized,"6,904","$40,460","$40,460","100 Hofstra University, Hempstead, NY 11549",14:1,Somewhat selective,62
James Madison (Men's),10-8-4,0.56,4-3-0,Colonial Athletic Association,Virginia,Harrisonburg,Tom Martin,540-568-6518,Dukes,Conference Standing: 5,"JR,FR,JR,JR,JR,FR,SR,FR,JR,SR,SR,SR,FR,FR,SR,FR,FR,SR,FR,JR,SR,SO,JR,JR,FR,JR,SR,JR,SO",26,28,"A large, 4-year, public university. This coed college is located in a large town in a rural setting and is primarily a residential campus. It offers bachelor's, master's and doctoral degrees.",www.jmu.edu,Large,"19,144","$10,018","$25,142","800 South Main Street, Harrisonburg, VA 22807",16:1,Somewhat selective,66
Northeastern (Men's),8-11-1,0.42,4-2-1,Colonial Athletic Association,Massachusetts,Boston,Brian Ainscough,617-799-3141,Huskies,Conference Standing: 4,"SR,FR,JR,SR,SO,SR,FR,SO,SR,FR,SO,SO,FR,FR,SR,SO,SO,FR,FR,FR,JR,FR,SR,SO,FR",19,28,"A medium-sized, 4-year, public university. This coed college is located in a large town in a rural setting and is primarily a commuter campus. It offers certificate, bachelor's, master's and doctoral degrees.",www.nsuok.edu,Medium-sized,"7,117","$5,285","$12,635","600 North Grand Avenue, Tahlequah, OK 74464",18:1,Less selective,75
UNC Wilmington (Men's),13-5-2,0.72,5-2-0,Colonial Athletic Association,North Carolina,Wilmington,Aidan Heaney,910-352-4925,Seahawks,Conference Standing: 2,"JR,SR,JR,JR,SR,SR,SR,SR,JR,SR,SO,SO,JR,SO,SR,JR,JR,JR,JR,JR,SO,SO",32,19,"A medium-sized, 4-year, public university. This coed college is located in a small city in an urban setting and is primarily a residential campus. It offers certificate, bachelor's, master's and doctoral degrees.",www.uncw.edu,Medium-sized,"12,952","$6,392","$20,517","601 South College Road, Wilmington, NC 28403",17:1,Somewhat selective,59
Charlotte (Men's),14-4-1,0.78,6-2-1,Conference USA,North Carolina,Charlotte,Kevin Langan,,49ers,Conference Standing: 1,"JR,FR,SR,JR,FR,JR,SO,SO,SR,SO,FR,JR,JR,JR,FR,SR,SO,SO,FR,FR,FR,JR,FR,FR,FR,FR,FR",41,18,"A large, 4-year, public university. This coed college is located in a very large city in a suburban setting and is primarily a residential campus. It offers bachelor's, master's and doctoral degrees.",www.uncc.edu,Large,"22,216","$6,277","$19,448","9201 University City Boulevard, Charlotte, NC 28223",--,Somewhat selective,64
Florida Atlantic (Men's),1-13-2,0.07,1-6-1,Conference USA,Florida,Boca Raton,Kos Donev,561-441-4550,Owls,Conference Standing: 9,"SR,SR,SR,SR,JR,SR,JR,SR,SR,SR,SR,SR,SR,SR,SR,SR,JR,SR,JR,JR,JR,JR,JR,JR",15,39,"A large, 4-year, public university. This coed college is located in a small city in a suburban setting and is primarily a commuter campus. It offers certificate, associate, bachelor's, master's and doctoral degrees.",www.fau.edu,Large,"25,209","$6,039","$21,595","777 Glades Road, Boca Raton, FL 33431",24:1,Somewhat selective,66
Florida International (Men's),6-9-1,0.40,2-6-0,Conference USA,Florida,Miami,Scott Calabrese,305-348-1981,Panthers,Conference Standing: 8,"FR,FR,SR,SO,SR,SR,JR,SR,SO,SO,FR,JR,SO,FR,SO,SO,SO,FR,SR,SO,SO,FR,FR,FR,FR,FR,FR,JR",23,28,"A large, 4-year, public university. This coed college is located in a very large city in an urban setting and is primarily a commuter campus. It offers associate, bachelor's, master's and doctoral degrees.",www.fiu.edu,Large,"40,974","$6,497","$18,896","11200 SW 8th Street, Miami, FL 33199",26:1,Very selective,48
Kentucky (Men's),10-6-4,0.63,5-1-2,Conference USA,Kentucky,Lexington,Johan Cedergren,859-257-3838 Ext.,Wildcats,Conference Standing: 3,"JR,SO,SO,FR,SO,SO,SO,SO,FR,SR,SO,FR,JR,FR,FR,FR,SO,FR,SO,FR,JR,FR,FR,JR,SO,FR,FR",25,16,"A large, 4-year, public university. This coed college is located in a large city in an urban setting and is primarily a commuter campus. It offers bachelor's, master's and doctoral degrees.",www.uky.edu,Large,"22,223","$10,464","$22,734","101 Main Building, Lexington, KY 40506",--,Less selective,92
Marshall (Men's),6-9-3,0.40,3-4-1,Conference USA,West Virginia,Huntington,Bob Gray,304-654-2390,Thundering Herd,Conference Standing: 6,"FR,FR,SO,JR,JR,SO,FR,SO,FR,SO,SO,SR,JR,SO,JR,JR,FR,SR,FR,SO,FR,JR,FR,JR",16,28,"A medium-sized, 4-year, public university. This coed college is located in a small city in an urban setting and is primarily a commuter campus. It offers associate, bachelor's, master's and doctoral degrees.",www.marshall.edu,Medium-sized,"9,536","$6,526","$14,446","One John Marshall Drive, Huntington, WV 25755",19:1,Less selective,77
New Mexico (Men's),11-6-1,0.65,4-4-0,Conference USA,New Mexico,Albuquerque,Jeremy Fishbein,505-925-5726,Lobos,Conference Standing: 5,"FR,FR,SR,SR,SR,SR,SR,JR,SR,JR,SR,SO,FR,FR,SO,SO,FR,SO,FR,JR,SO,FR,FR,FR,FR,FR",32,16,"A small, 4-year, public college of engineering and liberal arts college. This coed college is located in a small town in a rural setting and is primarily a residential campus. It offers associate, bachelor's, master's and doctoral degrees.",www.nmt.edu,Small,"1,633","$6,613","$19,137","801 Leroy Place, Socorro, NM 87801",--,Very selective,36
Monmouth (Men's),11-4-6,0.73,4-1-5,Metro Atlantic Athletic Conference,New Jersey,West Long Branch,Robert McCourt,732-585-6867,Hawks,Conference Standing: 4,"SO,SO,JR,SO,SO,SR,SR,SO,JR,SR,SO,SO,FR,SO,FR,FR,SR,SO,FR,JR,FR,JR,SR,JR,FR",27,11,"A medium-sized, 4-year, private university. This coed college is located in a small town in a suburban setting and is primarily a residential campus. It offers certificate, associate, bachelor's, master's and doctoral degrees.",www.monmouth.edu,Medium-sized,"4,634","$33,728","$33,728","400 Cedar Avenue, West Long Branch, NJ 07764",14:1,Somewhat selective,74
Niagara (Men's),5-11-3,0.31,2-6-2,Metro Atlantic Athletic Conference,New York,Niagara University,Eric Barnes,716-286-8666,Purple Eagles,Conference Standing: 9,"SR,SO,SR,SR,SR,SO,JR,JR,SR,SO,SR,FR,FR,SO,FR,JR,SO,JR,SR,JR",14,37,"A medium-sized, 4-year, private university. This coed college is located in a small city in a suburban setting and is primarily a residential campus. It offers certificate, associate, bachelor's, master's and doctoral degrees.",www.niagara.edu,Medium-sized,"3,176","$29,900","$29,900","PO Box 2034, Niagara University, NY 14109",13:1,Somewhat selective,66
Quinnipiac (Men's),10-4-5,0.71,7-0-3,Metro Atlantic Athletic Conference,Connecticut,Hamden,Eric Da Costa,203-627-6353,Bobcats,Conference Standing: 1,"SR,JR,SR,SR,SO,SR,SO,SO,SO,SO,JR,JR,SR,JR,JR,SR,JR,SR,SO,JR,JR",26,16,"A medium-sized, 4-year, private university. This coed college is located in a small city in a suburban setting and is primarily a residential campus. It offers bachelor's, master's and doctoral degrees.",www.quinnipiac.edu,Medium-sized,"6,553","$42,270","$42,270","275 Mount Carmel Avenue, Hamden, CT 06518",11:1,Somewhat selective,66
Rider (Men's),9-7-2,0.56,6-4-0,Metro Atlantic Athletic Conference,New Jersey,Lawrenceville,,,Broncs,Conference Standing: 3,"SR,SR,SR,SR,SR,SR,SR,SR,SR,SR,SR,SR,JR,SR,SR,SR,SR,SO,SR,SR,SR,SR,SR,SR,SR,SR,SR,SR",40,23,"A medium-sized, 4-year, private university. This coed college is located in a small town in a suburban setting and is primarily a residential campus. It offers certificate, associate, bachelor's and master's degrees.",www.rider.edu,Medium-sized,"4,324","$38,360","$38,360","2083 Lawrenceville Road, Lawrenceville, NJ 08648",12:1,Somewhat selective,71
Saint Peter's (Men's),4-14-0,0.22,2-8-0,Metro Atlantic Athletic Conference,New Jersey,Jersey City,Julian Richens,201-674-3340,The Peacocks,Conference Standing: 10,"SR,SR,SR,SR,SR,SR,SR,SR,SR,SR,SR,SR,SR,SR,SR,SR,SR,SR,SR,SR,SR",16,32,"A medium-sized, 4-year, private university. This coed college is located in a small city in an urban setting and is primarily a commuter campus. It offers associate, bachelor's, master's and doctoral degrees.",www.saintpeters.edu,Medium-sized,"2,506","$34,198","$34,198","2641 Kennedy Boulevard, Jersey City, NJ 07306",13:1,Somewhat selective,57
Siena College (Men's),10-8-2,0.56,5-3-2,Metro Atlantic Athletic Conference,New York,Loudonville,Cesar Markovic,518-786-5042,Saints,Conference Standing: 5,"FR,SO,JR,FR,FR,SO,SR,SO,JR,JR,SO,JR,FR,FR,JR,FR,SO,SO,FR,SR,JR,SO,SO,FR,SR,SO,JR,FR,SO,FR",21,24,"A medium-sized, 4-year, private liberal arts college. This coed college is located in a large town in a suburban setting and is primarily a residential campus. It offers certificate, bachelor's and master's degrees.",www.siena.edu,Medium-sized,"3,139","$33,615","$33,615","515 Loudon Road, Loudonville, NY 12211",11:1,Somewhat selective,58
Akron (Men's),13-6-2,0.68,4-1-0,Mid-American,Ohio,Akron,Jared Embick,,Zips,Conference Standing: 1,"JR,SR,FR,JR,FR,SO,SO,FR,SO,SO,FR,JR,FR,FR,FR,FR,FR,SO,JR,FR,SO,FR,SR,JR,FR,FR,FR,FR",37,17,"A small, 2-year, public branch campus and junior college. This coed college is located in a small town in a rural setting and is primarily a commuter campus. It offers certificate and associate degrees.",www.wayne.uakron.edu,Small,"2,090","$6,116","$14,457","1901 Smucker Road, Orrville, OH 44667",--,Open admission,
Bowling Green (Men's),14-6-1,0.70,2-2-1,Mid-American,Ohio,Bowling Green,Eric Nichols,614-657-3977,Falcons,Conference Standing: 3,"SO,SO,FR,JR,SR,JR,JR,FR,FR,SR,SO,FR,SO,FR,FR,FR,SO,SO,FR,SR,SO,JR,FR,FR",38,20,"A medium-sized, 4-year, public university. This coed college is located in a large town in a rural setting and is primarily a residential campus. It offers bachelor's, master's and doctoral degrees.",www.bgsu.edu,Medium-sized,"14,099","$10,726","$18,034","220 McFall Center, Bowling Green, OH 43403",19:1,Somewhat selective,53
Buffalo (Men's),5-10-2,0.33,1-2-2,Mid-American,New York,Buffalo,Stu Riddle,716-645-3144,Bulls,Conference Standing: 5,"SR,SO,SO,FR,FR,SO,SO,JR,SO,JR,SO,SO,SO,SR,JR,SO,SO,FR,SR,FR,FR,FR,FR,JR",19,34,"A medium-sized, 4-year, public liberal arts college and teachers college/college of education. This coed college is located in a large city in an urban setting and is primarily a commuter campus. It offers bachelor's and master's degrees.",www.buffalostate.edu,Medium-sized,"9,475","$7,307","$16,997","1300 Elmwood Avenue, Buffalo, NY 14222",17:1,Somewhat selective,62
Northern Illinois (Men's),3-9-5,0.25,0-4-1,Mid-American,Illinois,DeKalb,Eric Luzzi,815-375-7576,Huskies,Conference Standing: 6,"FR,JR,SO,SO,FR,SO,SR,SR,SR,FR,SO,SO,SR,JR,FR,JR,FR,SR,JR,FR,FR,SO,SO,FR",17,26,"A large, 4-year, public university. This coed college is located in a large town in an urban setting and is primarily a residential campus. It offers bachelor's, master's and doctoral degrees.",www.niu.edu,Large,"15,435","$11,992","$21,245","1425 West Lincoln Highway, DeKalb, IL 60115",15:1,Somewhat selective,51
West Virginia (Men's),11-7-1,0.61,3-1-1,Mid-American,West Virginia,Morgantown,Marlon LeBlanc,304-293-9889,Mountaineers,Conference Standing: 2,"SR,SO,SR,JR,JR,SO,SO,SO,SR,JR,FR,JR,JR,FR,SO,FR,SO,FR,FR,FR,FR,JR,FR,FR,FR,JR,SO,SO,FR",36,27,"A large, 4-year, public university. This coed college is located in a small city in a suburban setting and is primarily a residential campus. It offers bachelor's, master's and doctoral degrees.",www.wvu.edu,Large,"22,563","$6,960","$20,424","1500 University Avenue, Morgantown, WV 26506",21:1,Less selective,86
Western Michigan (Men's),8-8-4,0.50,2-3-1,Mid-American,Michigan,Kalamazoo,Chad Wiseman,269-276-3584,Broncos,Conference Standing: 4,"SO,JR,JR,JR,SR,JR,SO,SO,SO,SR,SR,SR,JR,SR,SR,SR,SR,SO,SR,SO,SR,SR,SR,JR,SO,SR,SO",28,28,"A large, 4-year, public university. This coed college is located in a small city in an urban setting and is primarily a residential campus. It offers bachelor's, master's and doctoral degrees.",www.wmich.edu,Large,"18,889","$11,029","$25,713","1903 West Michigan Avenue, Kalamazoo, MI 49008",17:1,Less selective,84
Bradley (Men's),9-11-0,0.45,1-5-0,Missouri Valley,Illinois,Peoria,Jim DeRose,309-256-3199,Braves,Conference Standing: 6,"JR,SO,SO,SR,SO,SR,JR,JR,SR,JR,JR,JR,SO,SO,SR,SO",29,31,"A medium-sized, 4-year, private university. This coed college is located in a large city in a suburban setting and is primarily a residential campus. It offers bachelor's, master's and doctoral degrees.",www.bradley.edu,Medium-sized,"4,588","$31,480","$31,480","1501 West Bradley Avenue, Peoria, IL 61625",12:1,Somewhat selective,64
Central Arkansas (Men's),2-13-1,0.13,0-5-1,Missouri Valley,Arkansas,Conway,Ross Duncan,501-328-0279,Bears,Conference Standing: 7,"JR,JR,FR,SR,SR,SR,SO,SO,FR,FR,SR,JR,SO,FR,FR,FR,JR,SO,SO,FR,FR,SO,SO,SR,FR",10,34,"A medium-sized, 4-year, public university. This coed college is located in a small city in a suburban setting and is primarily a residential campus. It offers associate, bachelor's, master's and doctoral degrees.",www.uca.edu,Medium-sized,"9,842","$7,889","$13,806","201 Donaghey Avenue, Conway, AR 72035",--,Less selective,94
Drake (Men's),5-11-3,0.31,3-3-0,Missouri Valley,Iowa,Des Moines,Sean Holmes,515-208-8288,Bulldogs,Conference Standing: 4,"JR,SO,FR,FR,FR,SO,JR,FR,JR,SO,JR,FR,FR,JR,SO,FR,FR,FR,SR,SO,FR,SO,JR,JR,FR,FR,SO,FR,SO,FR",18,34,"A medium-sized, 4-year, private university. This coed college is located in a large city in an urban setting and is primarily a residential campus. It offers bachelor's, master's and doctoral degrees.",www.drake.edu,Medium-sized,"3,364","$33,696","$33,696","2507 University Avenue, Des Moines, IA 50311",12:1,Somewhat selective,69
Evansville (Men's),6-11-1,0.35,4-2-0,Missouri Valley,Indiana,Evansville,Mike Jacobs,812-760-4354,Purple Aces,Conference Standing: 3,"SO,FR,JR,SR,JR,SO,JR,SR,SR,SR,JR,SR,SR,FR,SR,JR,SR,SR,SO,SR,JR,FR,FR,SO,SO,SO,FR,FR,FR,FR",24,30,"A medium-sized, 4-year, private university and liberal arts college. This coed college is located in a small city in an urban setting and is primarily a residential campus. It offers associate, bachelor's, master's and doctoral degrees.",www.evansville.edu,Medium-sized,"2,420","$32,946","$32,946","1800 Lincoln Avenue, Evansville, IN 47722",14:1,Less selective,83
Loyola-Chicago (Men's),8-6-6,0.57,2-2-2,Missouri Valley,Illinois,Chicago,,,Ramblers,Conference Standing: 5,"SR,SO,JR,JR,FR,SR,JR,FR,SR,JR,JR,FR,FR,SR,SO,SR,FR,FR,FR,SR,JR,JR,SO,FR,FR,SO,FR",21,18,"A medium-sized, 4-year, private university. This coed college is located in a very large city in an urban setting and is primarily a residential campus. It offers certificate, bachelor's, master's and doctoral degrees.",www.luc.edu,Medium-sized,"10,322","$40,426","$40,426","1032 West Sheridan Road, Chicago, IL 60660",14:1,Somewhat selective,63
Missouri State (Men's),9-5-4,0.64,4-0-2,Missouri Valley,Missouri,Springfield,Jon Leamy,417-353-0130,Bears,Conference Standing: 1,"SR,JR,SR,SR,JR,JR,SR,SR,SR,SR,SR,SR,SR,SR,SR,SR,SR,SR,SR,SR,JR,JR,SR,JR,SR,SR,JR",16,11,"A large, 4-year, public university. This coed college is located in a small city in a suburban setting and is primarily a residential campus. It offers certificate, bachelor's, master's and doctoral degrees.",www.missouristate.edu,Large,"18,517","$7,008","$13,668","901 South National Avenue, Springfield, MO 65897",20:1,Less selective,85
SIUE (Men's),8-9-4,0.47,4-1-1,Missouri Valley,Illinois,Edwardsville,Scott Donnelly,618-650-2476,Cougars,Conference Standing: 2,"SR,SO,JR,SR,SR,SO,SR,JR,SR,SO,JR,FR,FR,JR,JR,JR,FR,SO,JR,FR,JR,FR,FR,FR,FR,SO",28,25,"A medium-sized, 4-year, public university. This coed college is located in a large town in a suburban setting and is primarily a residential campus. It offers bachelor's, master's and doctoral degrees.",www.siue.edu,Medium-sized,"11,421","$9,738","$20,682","1 Hairpin Dr, Edwardsville, IL 62026",19:1,Less selective,87
Bryant (Men's),9-5-3,0.64,5-0-2,Northeast,Rhode Island,Smithfield,Seamus Purcell,401-569-1905,Bulldogs,Conference Standing: 3,"JR,JR,SO,FR,SO,FR,FR,JR,JR,FR,SR,JR,FR,FR,SO,FR,SR,JR,SR,SR,SR,JR,FR,SO,JR,FR",24,22,"A medium-sized, 4-year, private college of business and liberal arts college. This coed college is located in a large town in a suburban setting and is primarily a residential campus. It offers bachelor's and master's degrees.",www.bryant.edu,Medium-sized,"3,320","$39,808","$39,808","1150 Douglas Pike, Smithfield, RI 02917",14:1,Less selective,75
Central Connecticut (Men's),5-10-2,0.33,1-5-1,Northeast,Connecticut,New Britain,Shaun Green,860-832-3051,Blue Devils,Conference Standing: 7,"JR,SR,JR,JR,JR,SR,JR,SR,SO,JR,FR,JR,FR,SR,SO,FR,FR,SR,FR,SO,FR,JR,SR,SR,FR,SR,FR,JR,FR",17,28,"A medium-sized, 4-year, public university. This coed college is located in a small city in a suburban setting and is primarily a commuter campus. It offers bachelor's, master's and doctoral degrees.",www.ccsu.edu,Medium-sized,"9,871","$10,460","$21,570","1615 Stanley Street, New Britain, CT 06050",15:1,Somewhat selective,60
Fairleigh Dickinson (Men's),4-12-2,0.25,2-4-1,Northeast,New Jersey,Teaneck,Seth Roland,201-906-0626,Knights,Conference Standing: 6,"SO,JR,FR,JR,JR,JR,FR,JR,SR,SR,JR,FR,FR,JR,SR,FR,SO,SO,FR,SR,SR,JR,FR,FR,FR,FR,FR,FR",17,34,"A medium-sized, 4-year, private university. This coed college is located in a large town in a suburban setting and is primarily a residential campus. It offers bachelor's, master's and doctoral degrees.",www.fdu.edu,Medium-sized,"2,402","$39,092","$39,092","285 Madison Avenue, Madison, NJ 07940",--,Less selective,81
LIU Brooklyn (Men's),5-12-0,0.29,4-4-0,Northeast,New York,Brooklyn,TJ Kostecky,917-273-5576,LIU Brooklyn,Conference Standing: 4,"SR,SR,SR,JR,SR,SR,SO,SO,SR,SR,SR,SO,JR,SR,JR,SO,FR,FR,FR,FR,FR,SO,FR",22,34,"A medium-sized, 4-year, private university and liberal arts college. This coed college is located in a very large city in an urban setting and is primarily a commuter campus. It offers associate, bachelor's, master's and doctoral degrees.",http://liu.edu/brooklyn,Medium-sized,"4,871","$34,852","$34,852","1 University Plaza, Brooklyn, NY 11201",14:1,Less selective,86
Robert Morris (Men's),7-9-2,0.44,2-4-1,Northeast,Pennsylvania,Moon Township,Bill Denniston,412-303-2435,Colonials,Conference Standing: 5,"SR,SR,SR,SR,SR,SR,SR,SR,SR,SR,SR,SR,SR,SR,SR,JR,SR,SR,SR,SR,SR,SR,SR,SR,SR,SR,SR,JR",26,25,"A medium-sized, 4-year, private university. This coed college is located in a large town in a suburban setting and is primarily a residential campus. It offers bachelor's, master's and doctoral degrees.",www.rmu.edu,Medium-sized,"4,574","$27,194","$27,194","6001 University Boulevard, Moon Township, PA 15108",15:1,Less selective,76
Sacred Heart (Men's),0-16-2,0.00,0-6-1,Northeast,Connecticut,Fairfield,Joe Barroso,203-218-2318,Pioneers,Conference Standing: 8,"SR,SR,SR,SR,SR,SR,SR,JR,SR,SR,SR,SR,SR,SR,SR,SR,SR,SR,SR,SR,SR,SR,SR,SR,SR,SR,SR,SR,SR,SR,SR,SR",11,39,"A medium-sized, 4-year, private university and liberal arts college. This coed college is located in a large town in a suburban setting and is primarily a residential campus. It offers associate, bachelor's, master's and doctoral degrees.",www.sacredheart.edu,Medium-sized,"4,997","$37,170","$37,170","5151 Park Avenue, Fairfield, CT 06825",15:1,Somewhat selective,57
Saint Francis (PA) (Men's),13-6-1,0.68,7-2-0,Northeast,Pennsylvania,Loretto,Michael Casper,814-330-8737,The Red Flash,Conference Standing: 1,"SR,JR,SR,SR,SR,SR,SR,SR,SR,SR,JR,SO,SR,SR,JR,SR,SR,JR,JR,JR,JR,SR,SR,JR,JR,SR",27,19,"A small, 4-year, private university and liberal arts college. This coed college is located in a rural community in a rural setting and is primarily a residential campus. It offers associate, bachelor's, master's and doctoral degrees.",www.francis.edu,Small,"1,722","$32,128","$32,128","117 Evergreen Drive, Loretto, PA 15940",13:1,Somewhat selective,69
St. Francis Brooklyn (Men's),11-6-4,0.65,5-1-2,Northeast,New York,Brooklyn Heights,Tom Giovatto,347-731-4743,Terriers,Conference Standing: 2,"JR,SR,SO,SR,FR,SO,FR,JR,SO,FR,FR,FR,JR,JR,FR,JR,SO,FR,FR,JR",27,17,"A medium-sized, 4-year, private liberal arts college. This coed college is located in a very large city in an urban setting and is primarily a commuter campus. It offers associate, bachelor's and master's degrees.",www.sfc.edu,Medium-sized,"2,671","$23,800","$23,800","180 Remsen Street, Brooklyn Heights, NY 11201",17:1,Less selective,77
California (Men's),12-9-1,0.57,5-5-1,Pacific 12,California,Berkeley,Kevin Grimes,510-642-5916,Golden Bears,Conference Standing: 4,"SR,SO,SR,FR,SR,SO,SO,FR,SR,SR,FR,FR,FR,SR,SO,SR,FR,FR,FR,FR,SR,FR,JR,SR,FR,FR",55,44,"A medium-sized, 4-year, public university. This coed college is located in a small town in a rural setting and is primarily a residential campus. It offers certificate, associate, bachelor's and master's degrees.",www.calu.edu,Medium-sized,"6,076","$9,556","$12,966","250 University Avenue, California, PA 15419",19:1,Somewhat selective,74
Oregon State (Men's),12-8-1,0.60,4-5-1,Pacific 12,Oregon,Corvallis,Steve Simmons,541-207-2186,Beavers,Conference Standing: 5,"JR,FR,SR,FR,JR,SO,SR,SR,SO,SO,SO,JR,SO",40,21,"A large, 4-year, public university. This coed college is located in a small city in a suburban setting and is primarily a residential campus. It offers bachelor's, master's and doctoral degrees.",www.oregonstate.edu,Large,"23,903","$9,422","$26,594","104 Kerr Administration Building, Corvallis, OR 97331",19:1,Less selective,78
San Diego State (Men's),7-12-0,0.37,1-9-0,Pacific 12,California,San Diego,Lev Kirshner,619-594-0136,Aztecs,Conference Standing: 6,"FR,JR,FR,JR,JR,JR,FR,SR,JR,FR,FR,FR,SO,FR,SO,FR,SR,SO,FR,FR,FR,FR,SO,JR,SO,SO,FR,SR,FR,FR,FR",22,28,"A large, 4-year, public university. This coed college is located in a very large city in an urban setting and is primarily a commuter campus. It offers bachelor's, master's and doctoral degrees.",www.sdsu.edu,Large,"28,362","$6,976","$18,136","5500 Campanile Drive, San Diego, CA 92182",28:1,Very selective,34
Stanford (Men's),13-3-3,0.81,6-1-3,Pacific 12,California,Stanford,Jeremy Gunn,650-723-9375,Cardinal,Conference Standing: 1,"SO,FR,JR,FR,JR,SO,JR,SO,SO,FR,FR,FR,SO,SR,JR,SR,SR,FR,SR,SR,FR,FR,JR,FR,SO,FR,FR,SO",34,17,"A medium-sized, 4-year, private university and liberal arts college. This coed college is located in a small city in a suburban setting and is primarily a residential campus. It offers bachelor's, master's and doctoral degrees.",www.stanford.edu,Medium-sized,"7,089","$46,320","$46,320","450 Serra Mall, Stanford, CA 94305",4:1,Most selective,5
UCLA (Men's),14-4-6,0.78,6-2-2,Pacific 12,California,Los Angeless,Jorge Salcedo,310-825-1777,Bruins,Conference Standing: 2,"FR,SR,JR,SO,FR,SR,JR,SO,SO,FR,SR,JR,SO,SO,FR,JR,FR,FR,SO,JR,SR,SO,SO,SO,FR,FR,JR,JR",39,24,"A large, 4-year, public university. This coed college is located in a very large city in an urban setting and is primarily a residential campus. It offers bachelor's, master's and doctoral degrees.",www.ucla.edu,Large,"29,633","$13,029","$35,907","405 Hilgard Avenue, Box 951405, Los Angeles, CA 90095",17:1,Most selective,19
Washington (Men's),12-5-3,0.71,5-4-1,Pacific 12,Washington,Seattle,Jamie Clark,206-409-7922,Huskies,Conference Standing: 3,"JR,SR,SR,JR,SO,FR,SO,SO,JR,JR,SO,SR,FR,SO,JR,JR,FR,SO,FR,FR,SR,FR,SO,SO,SR,FR,FR,FR,FR",38,25,"A medium-sized, 4-year, private university. This coed college is located in a large city in a suburban setting and is primarily a residential campus. It offers certificate, associate, bachelor's, master's and doctoral degrees.",www.wustl.edu,Medium-sized,"7,401","$48,093","$48,093","Campus Box 1089, One Brookings Drive, St. Louis, MO 63130",8:1,Most selective,17
American (Men's),11-4-4,0.73,5-2-3,Patriot League,District of Columbia,Washington,Todd West,202-531-0148,Eagles,Conference Standing: 3,"SR,JR,SR,SR,FR,SR,SO,FR,SR,SO,FR,SO,SR,FR,FR,FR,FR,FR,FR,SO,SO,SR,JR,FR,SO,SO,FR,FR,FR,FR",25,16,"A large, 4-year, public university. This coed college is located in a small city in a suburban setting and is primarily a commuter campus. It offers bachelor's, master's and doctoral degrees.",www.utpa.edu,Large,"18,200","$6,134","$17,183","1201 West University Drive, Edinburg, TX 78539",--,Somewhat selective,63
Army (Men's),6-8-6,0.43,3-4-3,Patriot League,New York,West Point,Russell Payne,845-938-2420,Black Knights,Conference Standing: 6,"FR,JR,SO,SR,JR,SO,SO,JR,SO,FR,SO,FR,FR,SO,SR,FR,FR,SO,FR,FR,JR,FR,FR,JR,JR,SR",16,18,"A medium-sized, 4-year, private liberal arts college. This all men college is located in a very large city in an urban setting and is primarily a residential campus. It offers bachelor's degrees.",www.morehouse.edu,Medium-sized,"2,109","$26,742","$26,742","830 Westview Drive SW, Atlanta, GA 30314",--,Less selective,84
Boston University (Men's),12-4-4,0.75,6-0-3,Patriot League,Massachusetts,Boston,Neil Roberts,617-699-3182,Terriers,Conference Standing: 1,"SR,SO,JR,FR,FR,SR,SR,JR,FR,SR,SO,SO,SO,SR,SO,SO,JR,SO,SR,SR,FR,FR,SO,JR,SR,SO,FR,JR,FR,FR,FR,FR,FR,FR,FR",29,16,"A large, 4-year, private university. This coed college is located in a very large city in an urban setting and is primarily a residential campus. It offers certificate, bachelor's, master's and doctoral degrees.",www.bu.edu,Large,"18,017","$48,436","$48,436","One Silber Way, Boston, MA 02215",13:1,Very selective,35
Bucknell (Men's),10-10-3,0.50,4-3-2,Patriot League,Pennsylvania,Lewisburg,Brendan Nash,570-809-2610,Bison,Conference Standing: 5,"JR,FR,SR,JR,SR,JR,SO,JR,SO,SO,SO,JR,SR,SO,SR,FR,SR,SR,SO,JR,FR,JR,FR,JR,SO,FR",31,23,"A medium-sized, 4-year, private university. This coed college is located in a small town in a rural setting and is primarily a residential campus. It offers bachelor's and master's degrees.",www.bucknell.edu,Medium-sized,"3,565","$50,152","$50,152","1 Dent Drive, Lewisburg, PA 17837",9:1,Very selective,31
Colgate (Men's),6-10-2,0.38,2-6-1,Patriot League,New York,Hamilton,Erik Ronning,315-750-8681,Raiders,Conference Standing: 8,"FR,SO,FR,FR,FR,FR,JR,SO,SR,SR,SO,SO,FR,JR,SO,SO,FR,FR,JR,FR,FR,SO,FR,SO,JR",21,28,"A medium-sized, 4-year, private university and liberal arts college. This coed college is located in a small town in a rural setting and is primarily a residential campus. It offers bachelor's and master's degrees.",www.colgate.edu,Medium-sized,"2,875","$49,970","$49,970","13 Oak Drive, Hamilton, NY 13346",9:1,Very selective,26
Holy Cross (Men's),5-9-3,0.36,2-6-1,Patriot League,Massachusetts,Worcester,Marco Koolman,508-793-2726,Crusaders,Conference Standing: 9,"SR,FR,SO,JR,JR,SO,FR,FR,FR,SO,FR,SO,FR,SO,JR,SO,JR,SO,SO,FR,SR,JR",24,29,"A small, 4-year, private liberal arts college. This coed college is located in a small city in a suburban setting and is primarily a residential campus. It offers associate and bachelor's degrees.",www.hcc-nd.edu,Small,553,"$27,950","$27,950","54515 State Road 933 North, Notre Dame, IN 46556",--,Somewhat selective,72
Lafayette (Men's),6-10-2,0.38,2-7-0,Patriot League,Pennsylvania,Easton,Dennis Bohn,610-330-5494,Leopards,Conference Standing: 10,"JR,SR,SR,JR,FR,SR,SO,SO,SO,JR,SR,JR,JR,FR,SO,JR,SO,FR,SO,SR,FR,FR,SR,SR,FR,JR,SO,FR,FR",16,21,"A medium-sized, 4-year, private college of engineering and liberal arts college. This coed college is located in a large town in a suburban setting and is primarily a residential campus. It offers bachelor's degrees.",www.lafayette.edu,Medium-sized,"2,503","$47,010","$47,010","730 High Street, Easton, PA 18042",10:1,Very selective,30
Lehigh (Men's),10-8-1,0.56,5-3-1,Patriot League,Pennsylvania,Bethlehem,Dean Koski,610-758-5355,Mountain Hawks,Conference Standing: 4,"JR,FR,SR,JR,FR,JR,FR,SR,JR,SO,SO,FR,SO,SR,SR,SO,JR,JR,JR,SO,SO,FR,FR,SO",24,25,"A medium-sized, 4-year, private university. This coed college is located in a small city in a suburban setting and is primarily a residential campus. It offers bachelor's, master's and doctoral degrees.",www.lehigh.edu,Medium-sized,"5,062","$46,230","$46,230","27 Memorial Drive West, Bethlehem, PA 18015",10:1,Very selective,34
Loyola (MD) (Men's),5-8-4,0.38,2-5-2,Patriot League,Maryland,Baltimore,Steve Nichols,410-302-0735,Greyhounds,Conference Standing: 7,"JR,SO,SR,SO,SO,SR,SR,JR,SO,FR,SO,SO,FR,SO,FR,SR,FR,SO,FR,JR,SO,SO,FR,FR,SO",12,19,"A medium-sized, 4-year, private university. This coed college is located in a very large city in an urban setting and is primarily a residential campus. It offers bachelor's, master's and doctoral degrees.",www.loyola.edu,Medium-sized,"4,084","$45,200","$45,200","4501 North Charles Street, Baltimore, MD 21210",12:1,Somewhat selective,60
Navy (Men's),11-4-5,0.73,6-1-2,Patriot League,Maryland,Annapolis,Dave Brandt,410-293-3153,Midshipmen,Conference Standing: 2,"JR,JR,SO,SR,SO,FR,JR,JR,FR,FR,SO,JR,FR,SR,SR,SO,FR,SO,SR,FR,FR,FR,SO,JR,JR,FR,FR,FR",30,14,"A medium-sized, 4-year, public military college. This coed college is located in a large town in a suburban setting and is primarily a residential campus. It offers bachelor's degrees.",www.usna.edu,Medium-sized,"4,511",,,"121 Blake Road, Annapolis, MD 21402",8:1,Most selective,8
East Tennessee State (Men's),7-10-1,0.41,3-7-1,Southern,Tennessee,Johnson City,Bo Oshoniyi,423-439-8438,The Buccaneers,Conference Standing: 5,"FR,FR,FR,SR,JR,FR,SO,SO,SO,FR,FR,SR,JR,FR,FR,FR,FR,SO,JR,FR,FR,SR,FR,FR,FR,FR,JR,SO",25,29,"A medium-sized, 4-year, public university. This coed college is located in a small city in a rural setting and is primarily a commuter campus. It offers certificate, bachelor's, master's and doctoral degrees.",www.etsu.edu,Medium-sized,"11,550","$7,985","$25,151","1276 Gilbreath Drive, Johnson City, TN 37614",17:1,,
Furman (Men's),12-5-5,0.71,5-4-1,Southern,South Carolina,Greenville,Doug Allison,864-982-0462,Paladins,Conference Standing: 4,"FR,JR,JR,SO,FR,SR,SO,SR,SO,JR,JR,JR,SO,SO,SO,FR,SO,JR,JR,SO,JR,FR,JR,FR,FR,FR",28,14,"A medium-sized, 4-year, private liberal arts college. This coed college is located in a small city in a suburban setting and is primarily a residential campus. It offers bachelor's and master's degrees.",www.furman.edu,Medium-sized,"2,810","$46,012","$46,012","3300 Poinsett Highway, Greenville, SC 29613",11:1,Somewhat selective,69
Mercer (Men's),14-7-0,0.67,9-2-0,Southern,Georgia,Macon,Brad Ruzzo,478-550-7063,Bears,Conference Standing: 1,"FR,JR,SR,FR,FR,FR,SO,SO,JR,JR,FR,JR,FR,SO,SO,SO,SR,SO,FR,JR,FR,FR,FR,FR,FR,FR,FR,JR",34,20,"A medium-sized, 4-year, private university. This coed college is located in a small city in a suburban setting and is primarily a residential campus. It offers bachelor's, master's and doctoral degrees.",www.mercer.edu,Medium-sized,"2,747","$34,750","$34,750","1400 Coleman Avenue, Macon, GA 31207",11:1,Somewhat selective,67
UNC Greensboro (Men's),6-12-2,0.33,6-5-1,Southern,North Carolina,Greensboro,Justin Maullin,336-314-1325,Spartans,Conference Standing: 3,"FR,SR,SR,FR,SO,FR,FR,JR,SO,SO,JR,JR,SR,SO,SO,SO,SO,SO,FR,SR,SR,SR,SR,JR,JR,FR,SO,SO,SO",22,26,"A medium-sized, 4-year, public university. This coed college is located in a large city in an urban setting and is primarily a residential campus. It offers bachelor's, master's and doctoral degrees.",www.uncg.edu,Medium-sized,"15,173","$6,733","$21,595","1400 Spring Garden Street, Greensboro, NC 27412",18:1,Somewhat selective,60
VMI (Men's),1-17-1,0.06,0-10-0,Southern,Virginia,Lexington,Richard Rose,540-460-9038,Keydets,Conference Standing: 6,"JR,JR,JR,JR,SR,FR,JR,SR,JR,SO,SR,SO,SO,FR,SR,SO,FR,JR,SO,FR,SO,FR,FR,FR,FR,FR,FR,FR,FR,FR",6,57,"A small, 4-year, public liberal arts college and military college. This coed college is located in a small town in a rural setting and is primarily a residential campus. It offers bachelor's degrees.",www.vmi.edu,Small,"1,700","$15,518","$37,574","319 Letcher Avenue, Lexington, VA 24450",12:1,Very selective,44
Wofford (Men's),11-6-1,0.65,7-2-1,Southern,South Carolina,Spartanburg,Ralph D. Polson,843-270-6445,Terriers,Conference Standing: 2,"JR,JR,SO,SR,SR,SO,SR,SO,SO,FR,SR,SR,FR,SR,JR,JR,JR,FR,SR,JR,JR,SO,JR,JR,FR,SR,JR,SO,JR,SR,SO,FR,FR",40,23,"A small, 4-year, private liberal arts college. This coed college is located in a small city in an urban setting and is primarily a residential campus. It offers bachelor's degrees.",www.wofford.edu,Small,"1,608","$38,705","$38,705","429 North Church Street, Spartanburg, SC 29303",11:1,Less selective,77
Denver (Men's),11-8-1,0.58,3-2-1,Summit League,Colorado,Denver,Bobby Muuss,336-577-4717,Pioneers,Conference Standing: 1,"JR,FR,SR,SO,SR,SR,FR,JR,SR,SO,SR,SO,JR,FR,SR,SO,SR,JR,SO,FR,JR,FR,JR,FR,SO,SR,FR",32,25,"A medium-sized, 4-year, public university. This coed college is located in a very large city in an urban setting and is primarily a commuter campus. It offers bachelor's, master's and doctoral degrees.",www.ucdenver.edu,Medium-sized,"13,010","$10,389","$29,319","1380 Lawrence Street, Suite 1000, Denver, CO 80217",16:1,Somewhat selective,69
Eastern Illinois (Men's),3-13-1,0.19,1-4-1,Summit League,Illinois,Charleston,Mark Hansen,217-581-6442,Panthers,Conference Standing: 7,"FR,FR,JR,FR,FR,JR,JR,JR,SR,SR,FR,JR,FR,SR,FR,JR,SR,SO,SO,SO,SR,SO,SR,SO,FR,FR,FR,JR",18,31,"A medium-sized, 4-year, public university. This coed college is located in a large town in a rural setting and is primarily a residential campus. It offers bachelor's and master's degrees.",www.eiu.edu,Medium-sized,"7,640","$11,108","$28,088","600 Lincoln Avenue, Charleston, IL 61920",14:1,Very selective,50
IPFW (Men's),6-9-5,0.40,3-3-0,Summit League,Indiana,Fort Wayne,Mike Harper,,Mastodons,Conference Standing: 5,"FR,SR,SO,SR,FR,SR,FR,JR,JR,SR,SO,JR,JR,SO,SO,SO,SO,SO,JR,JR,SO,FR,FR,JR,SO,SO,SR",19,28,"A medium-sized, 4-year, public university and branch campus. This coed college is located in a large city in an urban setting and is primarily a commuter campus. It offers certificate, associate, bachelor's and master's degrees.",www.ipfw.edu,Medium-sized,"12,674","$7,949","$19,092","2101 East Coliseum Boulevard, Fort Wayne, IN 46805",17:1,Less selective,91
IUPUI (Men's),5-8-3,0.38,2-3-1,Summit League,Indiana,Indianapolis,Isang Jacob,317-278-1823,Jaguars,Conference Standing: 6,"FR,SO,SO,SR,SO,SO,SO,FR,FR,FR,JR,JR,FR,SO,FR,FR,SO,SO,JR,SR,FR,SO,FR,FR,SO,JR",19,29,"A large, 4-year, public university. This coed college is located in a very large city in an urban setting and is primarily a commuter campus. It offers certificate, associate, bachelor's, master's and doctoral degrees.",www.iupui.edu,Large,"22,525","$8,909","$30,089","420 University Boulevard, Indianapolis, IN 46202",19:1,Somewhat selective,70
Nebraska-Omaha (Men's),10-5-2,0.67,3-2-1,Summit League,Nebraska,Omaha,Jason Mims,402-554-3381,Mavericks,Conference Standing: 2,"JR,SO,SR,JR,FR,SR,JR,JR,SO,SR,JR,SO,SR,SO,FR,SR,JR,SO,FR,SO,FR,FR",25,14,"A medium-sized, 4-year, public university. This coed college is located in a large city in an urban setting. It offers bachelor's, master's and doctoral degrees.",www.unomaha.edu,Medium-sized,"12,221","$6,632","$17,952","6001 Dodge Street, Omaha, NE 68182",16:1,Less selective,79
Oral Roberts (Men's),7-7-2,0.50,3-2-1,Summit League,Oklahoma,Tulsa,Steve Hayes,918-269-9942,Golden Eagles,Conference Standing: 4,"SR,SR,SR,SR,SR,SR,SR,SR,SR,SR,SR,SR,SR,SR,SR,SR,SR,SR,SR,SR,SR",23,25,"A medium-sized, 4-year, private university and liberal arts college. This coed college is located in a large city in a suburban setting and is primarily a residential campus. It offers bachelor's, master's and doctoral degrees.",www.oru.edu,Medium-sized,"2,947","$24,792","$24,792","7777 South Lewis Avenue, Tulsa, OK 74171",15:1,,
Western Illinois (Men's),9-7-3,0.56,3-2-1,Summit League,Illinois,Macomb,Eric Johnson,309-255-1778,Leathernecks,Conference Standing: 3,"SR,SR,FR,JR,JR,SR,SO,JR,JR,SR,SR,JR,SO,SO,JR,FR,FR,JR,SO,SR,JR,JR,FR,SO,FR,SR,FR,FR,FR,FR,SO,SO",22,18,"A medium-sized, 4-year, public university. This coed college is located in a large town in a rural setting and is primarily a residential campus. It offers bachelor's, master's and doctoral degrees.",www.wiu.edu,Medium-sized,"9,645","$11,283","$15,599","One University Circle, Macomb, IL 61455",15:1,Somewhat selective,70
Appalachian State (Men's),7-8-3,0.47,1-1-1,Sun Belt,North Carolina,Boone,Matt Nelson,,Mountaineers,Conference Standing: 3,"FR,SR,SR,FR,SR,JR,SO,SO,JR,FR,FR,SR,SO,SO,FR,SO,JR,FR,FR,FR,FR,JR,JR",21,25,"A large, 4-year, public university. This coed college is located in a large town in a rural setting and is primarily a residential campus. It offers bachelor's, master's and doctoral degrees.",www.appstate.edu,Large,"16,255","$6,553","$19,720","287 Rivers Street, Boone, NC 28608",16:1,Somewhat selective,63
Georgia Southern (Men's),8-9-0,0.47,2-1-0,Sun Belt,Georgia,Statesboro,Kevin Kennedy,912-531-0944,Eagles,Conference Standing: 2,"FR,SO,JR,FR,SR,SO,FR,SO,SR,SR,JR,FR,FR,FR,FR,JR,FR,FR,FR,SR,JR,FR,FR,SR",27,31,"A large, 4-year, public university. This coed college is located in a large town in a rural setting and is primarily a residential campus. It offers bachelor's, master's and doctoral degrees.",www.georgiasouthern.edu,Large,"18,004","$7,318","$20,536","1332 Southern Drive, Statesboro, GA 30458",21:1,Somewhat selective,63
Georgia State (Men's),8-10-0,0.44,0-1-0,Sun Belt,Georgia,Atlanta,Brett Surrency,404-413-4002,Panthers,Conference Standing: 5,"FR,SR,JR,FR,SO,JR,FR,SR,SR,FR,SR,FR,JR,SR,FR,SO,SO,FR,FR,JR,FR,SO,SR,JR,FR,JR",22,28,"A medium-sized, 4-year, public liberal arts college. This coed college is located in a large town in a rural setting and is primarily a commuter campus. It offers associate and bachelor's degrees.",www.sgsc.edu,Medium-sized,"2,611","$3,690","$11,098","100 West College Park Drive, Douglas, GA 31533",26:1,Less selective,100
Hartwick (Men's),6-10-4,0.38,0-0-0,Sun Belt,New York,Oneonta,John Scott,607-431-4712,Hawks,Conference Standing: 6,"SR,SR,SR,JR,SR,JR,SO,SO,SR,SR,SR,SO,JR,SR,JR,JR,SO,SO,SO,SO,SR,SO,SO,SR",23,28,"A small, 4-year, private liberal arts college. This coed college is located in a large town in a rural setting and is primarily a residential campus. It offers bachelor's degrees.",www.hartwick.edu,Small,"1,540","$41,440","$41,440","1 Hartwick Drive, Oneonta, NY 13820",11:1,Less selective,90
Howard (Men's),2-15-2,0.12,1-1-1,Sun Belt,District of Columbia,Washington,Michael Lawrence,202-806-7950 Ext.,Bison,Conference Standing: 4,"SR,SR,JR,SR,JR,SR,SR,JR,SR,JR,JR,SR,SR,SR,SR,SR,JR,SR,JR,JR,SR,SR,JR,SR,JR,SR",10,62,"A medium-sized, 2-year, public community college. This coed college is located in a small city in a suburban setting and is primarily a commuter campus. It offers certificate and associate degrees.",www.howardcc.edu,Medium-sized,"10,184","$4,448","$8,288","10901 Little Patuxent Parkway, Columbia, MD 21044",15:1,Open admission,99
NJIT (Men's),7-8-4,0.47,2-2-0,Sun Belt,New Jersey,Newark,Didier Orellana,973-596-5219,Highlanders,Conference Standing: 1,"FR,SO,SO,SR,SO,SO,JR,FR,SR,FR,JR,FR,SR,SR,JR,SO,FR,FR,SO,SR,FR,FR,SO,SO,SR,JR,FR,FR,SO,SR,SO,FR,FR",24,24,"A medium-sized, 4-year, public university. This coed college is located in a large city in an urban setting and is primarily a residential campus. It offers bachelor's, master's and doctoral degrees.",www.njit.edu,Medium-sized,"7,550","$15,648","$29,288","323 Martin Luther King Jr. Boulevard, Newark, NJ 07102",18:1,Somewhat selective,63
Gonzaga (Men's),5-12-1,0.29,3-3-1,West Coast,Washington,Spokane,Einar Thorarinsson,509-313-4076,Bulldogs,Conference Standing: 5,"FR,SR,JR,FR,SO,FR,SR,SO,SR,FR,JR,SO,SR,FR,SO,SR,FR,FR,SR,FR,SR,SO,SO,FR,FR",15,30,"A medium-sized, 4-year, private university and liberal arts college. This coed college is located in a large city in an urban setting and is primarily a residential campus. It offers bachelor's, master's and doctoral degrees.",www.gonzaga.edu,Medium-sized,"4,837","$37,990","$37,990","502 East Boone Avenue, Spokane, WA 99258",11:1,Somewhat selective,68
Loyola Marymount (Men's),9-4-6,0.69,3-1-3,West Coast,California,Los Angeles,Paul Krumpe,310-338-7640,Lions,Conference Standing: 4,"JR,FR,SO,JR,SR,SR,SO,SR,SR,FR,SO,SR,SR,JR,SR,FR,SO,SO,FR,FR,FR,JR,FR,JR,FR,FR,SR,FR,SR",29,14,"A medium-sized, 4-year, private university. This coed college is located in a very large city in a suburban setting and is primarily a residential campus. It offers bachelor's, master's and doctoral degrees.",www.lmu.edu,Medium-sized,"6,184","$42,794","$42,794","One LMU Drive, Los Angeles, CA 90045",--,Somewhat selective,53
Pacific (Men's),3-15-0,0.17,1-6-0,West Coast,California,Stockton,Ryan Jorden,,Tigers,Conference Standing: 7,"FR,FR,JR,FR,JR,FR,FR,JR,JR,FR,FR,SO,SO,FR,SO,JR,FR,FR,FR,FR,FR,FR,SO",19,50,"A small, 4-year, private university. This coed college is located in a large town in a suburban setting and is primarily a residential campus. It offers bachelor's, master's and doctoral degrees.",www.pacificu.edu,Small,"1,840","$40,766","$40,766","2043 College Way, Forest Grove, OR 97116",11:1,Less selective,80
Portland (Men's),4-11-4,0.27,0-6-1,West Coast,Oregon,Portland,Bill Irwin,503-816-8595,Pilots,Conference Standing: 8,"FR,FR,FR,FR,SO,FR,SO,SO,SR,SO,SO,JR,JR,FR,SO,SO,SR,FR,FR,JR,SR,SO,SO,SR,FR,FR,SO,FR",23,29,"A large, 4-year, public university. This coed college is located in a very large city in an urban setting and is primarily a commuter campus. It offers certificate, bachelor's, master's and doctoral degrees.",www.pdx.edu,Large,"22,136","$7,794","$23,319","1835 SW Broadway, Portland, OR 97207",--,Less selective,85
San Diego (Men's),11-6-4,0.65,6-1-0,West Coast,California,San Diego,Seamus McFadden,619-260-2305,Toreros,Conference Standing: 1,"SR,SO,SR,SR,SO,SO,JR,JR,JR,SR,JR,SR,SR,JR,SR,SO,SR,SO,SO,SO,SR,FR,SR",33,21,"A large, 4-year, public university. This coed college is located in a large town in a suburban setting and is primarily a residential campus. It offers bachelor's, master's and doctoral degrees.",www.ucsd.edu,Large,"23,850","$13,456","$36,334","9500 Gilman Drive, La Jolla, CA 92093",--,,
San Francisco (Men's),11-6-2,0.65,5-2-0,West Coast,California,San Francisco,Erik Visser,415-859-0188,Dons,Conference Standing: 3,"SR,SR,JR,SR,SR,FR,SR,SR,SR,SR,SR,SR,SR,SR,JR,SR,SR,SR,SR,SR,JR,SR,SR,JR,SR,SR,SR,JR",30,21,"A medium-sized, 4-year, private university. This coed college is located in a very large city in an urban setting and is primarily a residential campus. It offers certificate, bachelor's, master's and doctoral degrees.",www.usfca.edu,Medium-sized,"6,845","$42,634","$42,634","2130 Fulton Street, San Francisco, CA 94117",12:1,Somewhat selective,60
Santa Clara (Men's),6-9-4,0.40,2-4-1,West Coast,California,Santa Clara,Cameron Rast,408-836-6163,Broncos,Conference Standing: 6,"SO,JR,SO,SO,FR,SO,JR,SR,JR,SO,JR,JR,SO,SO,SO,SR,SO,SO,JR,FR,JR,SO",21,28,"A medium-sized, 4-year, private university. This coed college is located in a small city in a suburban setting and is primarily a residential campus. It offers bachelor's, master's and doctoral degrees.",www.scu.edu,Medium-sized,"5,486","$45,300","$45,300","500 El Camino Real, Santa Clara, CA 95053",12:1,Very selective,49
St. Mary's (CA) (Men's),12-5-2,0.71,5-2-0,West Coast,California,Moraga,Adam Cooper,925-457-6384,Gaels,Conference Standing: 2,"JR,SR,JR,JR,SO,JR,SO,JR,SR,SR,JR,SO,JR,SR,SO,SO,SR,FR,SO,SR,JR,FR,FR,JR,FR,FR,FR,FR,FR",29,22,"A medium-sized, 4-year, private liberal arts college. This coed college is located in a large town in a suburban setting and is primarily a residential campus. It offers associate, bachelor's, master's and doctoral degrees.",www.stmarys-ca.edu,Medium-sized,"3,055","$42,930","$42,930","1928 Saint Mary's Road, Moraga, CA 94556",--,Somewhat selective,69
Air Force (Men's),7-7-4,0.50,3-6-1,Western Athletic,Colorado,USAF Academy,Doug Hill,719-333-2174,Falcons,Conference Standing: 8,"SO,SR,FR,JR,SR,SO,JR,SO,SR,JR,SO,JR,SO,SR,JR,SR,SO,FR,JR,SO,SR,FR,SO,FR",20,22,"A 2-year, public community college and technical college. This coed college is located in a small city in a suburban setting and is primarily a commuter campus. It offers certificate and associate degrees.",www.au.af.mil/au/barnes/ccaf/index.asp,,"284,529",,,"100 South Turner Boulevard, Maxwell-Gunter AFB, AL 36114",--,,
CSU Bakersfield (Men's),10-7-5,0.59,3-4-2,Western Athletic,California,Bakersfield,Richie Grant,661-654-2407,Roadrunners,Conference Standing: 7,"SO,JR,FR,SR,FR,SO,SR,JR,SO,JR,SR,JR,FR,SR,FR,SO,FR,SR,FR,SO,SO,FR",39,26,"A medium-sized, 4-year, public university and liberal arts college. This coed college is located in a small city in a suburban setting and is primarily a commuter campus. It offers bachelor's and master's degrees.",www.csub.edu,Medium-sized,"8,724","$6,793","$17,953","9001 Stockdale Highway, Bakersfield, CA 93311",--,,
Grand Canyon (Men's),5-12-3,0.29,2-6-2,Western Athletic,Arizona,Phoenix,Petar Draksin,602-354-6718,Antelopes,Conference Standing: 9,"SO,SO,SO,SR,JR,FR,FR,SO,JR,JR,SR,JR,FR,JR,SO,SR,SR,FR,JR,FR,JR,SR,FR,SO,FR,FR,FR,FR,JR,SR,FR,FR,FR,FR,JR,FR",19,37,"A 4-year, for-profit university. This coed college is located in a very large city in an urban setting and is primarily a residential campus. It offers bachelor's, master's and doctoral degrees.",www.gcu.edu,,"31,158","$16,900","$16,900","3300 West Camelback Road, Phoenix, AZ 85017",--,,
Houston Baptist (Men's),3-11-2,0.21,2-8-0,Western Athletic,Texas,Houston,Steve Jones,713-417-8087,Huskies,Conference Standing: 10,"SR,JR,JR,SR,SO,JR,SR,SR,SR,SO,SO,SO,SR,SR,SR,JR,SR,SO,SR",23,38,"A medium-sized, 4-year, private university and liberal arts college. This coed college is located in a very large city in a suburban setting and is primarily a commuter campus. It offers bachelor's and master's degrees.",www.hbu.edu,Medium-sized,"2,288","$29,800","$29,800","7502 Fondren Road, Houston, TX 77074",16:1,Very selective,36
Incarnate Word (Men's),7-10-1,0.41,5-2-1,Western Athletic,Texas,San Antonio,Vincent Martinez,210-841-7396,Cardinals,Conference Standing: 5,"SO,SO,SR,SO,SR,SR,SR,SR,SR,SR,SO,SR,JR,JR,SR,SR,SR,SR,SR,SR,JR,SR,JR,SO,SO,SO,SO,SO,JR,SO,SO",26,26,"A medium-sized, 4-year, private university. This coed college is located in a very large city in an urban setting and is primarily a commuter campus. It offers associate, bachelor's, master's and doctoral degrees.",www.uiw.edu,Medium-sized,"6,496","$27,798","$27,798","4301 Broadway, San Antonio, TX 78209",14:1,Less selective,93
San Jose State (Men's),6-11-2,0.35,4-4-2,Western Athletic,California,San Jose,Simon Tobin,661-332-6588,Spartans,Conference Standing: 6,"JR,SO,JR,SO,SR,SO,SO,JR,FR,SO,SO,FR,SR,SO,FR,SO,SO,SR,JR,SR,JR",28,31,"A large, 4-year, public university and liberal arts college. This coed college is located in a very large city in an urban setting and is primarily a commuter campus. It offers bachelor's and master's degrees.",www.sjsu.edu,Large,"26,664","$7,323","$18,483","One Washington Square, San Jose, CA 95192",--,Somewhat selective,60
Seattle (Men's),11-5-3,0.69,5-2-2,Western Athletic,Washington,Seattle,Peter Fewing,206-296-5498,Redhawks,Conference Standing: 2,"JR,SR,SR,JR,SO,FR,SO,SO,JR,SR,SR,SR,SO,FR,JR,SO,FR,SO,FR,SO,FR,SO,FR,FR,FR,FR,JR,JR,FR,SO,FR",31,23,"A medium-sized, 4-year, private university. This coed college is located in a very large city in an urban setting and is primarily a residential campus. It offers bachelor's, master's and doctoral degrees.",www.seattleu.edu,Medium-sized,"4,511","$39,690","$39,690","901 12th Avenue, Seattle, WA 98122",12:1,Somewhat selective,73
Texas Pan-American (Men's),0-0-0,NaN,0-0-0,Western Athletic,Texas,,,,,Conference Standing: 11,,0,0,"A large, 4-year, public university. This coed college is located in a small city in a suburban setting and is primarily a commuter campus. It offers bachelor's, master's and doctoral degrees.",www.utpa.edu,Large,"18,200","$6,134","$17,183","1201 West University Drive, Edinburg, TX 78539",--,Somewhat selective,63
UMKC (Men's),8-10-2,0.44,5-4-1,Western Athletic,Missouri,Kansas City,Rick Benben,816-769-4565,Kangaroos,Conference Standing: 4,"SR,SR,SO,JR,JR,FR,JR,SR,SR,SR,JR,SR,FR,FR,SO,FR,FR,SO,JR,JR,FR,JR,FR,SR,JR,SO,FR",23,28,"A medium-sized, 4-year, public university. This coed college is located in a large city in an urban setting and is primarily a commuter campus. It offers bachelor's, master's and doctoral degrees.",www.umkc.edu,Medium-sized,"10,462","$9,476","$23,908","5115 Oak Street, Kansas City, MO 64110",14:1,Somewhat selective,64
UNLV (Men's),14-5-3,0.74,7-2-1,Western Athletic,Nevada,Las Vegas,Richard Ryerson,702-556-9001,Rebels,Conference Standing: 1,"SO,SR,JR,FR,JR,SR,FR,JR,JR,JR,JR,JR,SR,SR,SR,JR,FR,FR,SO,SR,FR,SR,SR,FR,JR",44,26,"A large, 4-year, public university. This coed college is located in a very large city in an urban setting and is primarily a commuter campus. It offers certificate, bachelor's, master's and doctoral degrees.",www.unlv.edu,Large,"23,813","$6,590","$20,500","4505 Maryland Parkway, Box 451021, Las Vegas, NV 89154",22:1,Less selective,87
